Wafer_ID,Stage_Name,Stage_Index,Reference_Image,Search_Image,Incremental_dX_nm,Incremental_dY_nm,Incremental_dTheta_deg,Cumulative_dX_nm,Cumulative_dY_nm,Cumulative_dTheta_deg,CD_Bias_nm,Overlay_Error_nm,Local_Pattern_Density,True_Center_X_px,True_Center_Y_px,Defocus_Sigma_px,Defect_Count,Drift_Magnitude_nm,Drift_Risk_Label
WF-001,01_Lithography,1,000_golden_reference.png,WF-001_Stage1_01_Lithography.png,-8.45,-2.049,-0.0111,-8.45,-2.049,-0.0111,0.0,8.695,0.5,500.84,500.2,0.689,0,8.695,NORMAL
WF-001,02_Etch,2,000_golden_reference.png,WF-001_Stage2_02_Etch.png,7.202,5.181,0.0157,-1.247,3.131,0.0046,-0.87,3.37,0.399,500.12,499.69,0.354,0,3.37,NORMAL
WF-001,03_CMP,3,000_golden_reference.png,WF-001_Stage3_03_CMP.png,0.282,-6.464,-0.0113,-0.965,-3.333,-0.0066,-0.865,3.469,0.402,500.1,500.33,1.133,0,3.469,NORMAL
WF-001,04_Metal1,4,000_golden_reference.png,WF-001_Stage4_04_Metal1.png,-8.416,-3.421,0.006,-9.381,-6.753,-0.0006,-0.238,11.559,0.5,500.94,500.68,1.084,0,11.559,NORMAL
WF-002,01_Lithography,1,000_golden_reference.png,WF-002_Stage1_01_Lithography.png,3.964,7.57,-0.0197,3.964,7.57,-0.0197,0.0,8.545,0.5,499.6,499.24,0.359,0,8.545,NORMAL
WF-002,02_Etch,2,000_golden_reference.png,WF-002_Stage2_02_Etch.png,8.728,5.567,-0.0064,12.692,13.136,-0.0261,-0.924,18.266,0.405,498.73,498.69,0.223,0,18.266,NORMAL
WF-002,03_CMP,3,000_golden_reference.png,WF-002_Stage3_03_CMP.png,12.059,-0.941,-0.0163,24.751,12.195,-0.0424,-1.247,27.592,0.409,497.52,498.78,0.558,0,27.592,NORMAL
WF-002,04_Metal1,4,000_golden_reference.png,WF-002_Stage4_04_Metal1.png,9.645,3.867,0.0123,34.395,16.062,-0.0301,-0.509,37.961,0.5,496.56,498.39,0.857,0,37.961,NORMAL
WF-003,01_Lithography,1,000_golden_reference.png,WF-003_Stage1_01_Lithography.png,12.409,-0.186,0.0021,12.409,-0.186,0.0021,0.0,12.41,0.5,498.76,500.02,0.597,1,12.41,NORMAL
WF-003,02_Etch,2,000_golden_reference.png,WF-003_Stage2_02_Etch.png,9.247,4.133,0.0145,21.655,3.947,0.0165,-1.262,22.012,0.403,497.83,499.61,0.72,0,22.012,NORMAL
WF-003,03_CMP,3,000_golden_reference.png,WF-003_Stage3_03_CMP.png,6.501,-6.175,-0.0109,28.156,-2.228,0.0057,-1.43,28.244,0.395,497.18,500.22,0.641,0,28.244,NORMAL
WF-003,04_Metal1,4,000_golden_reference.png,WF-003_Stage4_04_Metal1.png,-7.245,-2.81,-0.016,20.911,-5.038,-0.0103,-0.964,21.51,0.5,497.91,500.5,1.39,0,21.51,NORMAL
WF-004,01_Lithography,1,000_golden_reference.png,WF-004_Stage1_01_Lithography.png,-0.974,-0.337,-0.0116,-0.974,-0.337,-0.0116,0.0,1.03,0.5,500.1,500.03,1.023,0,1.03,NORMAL
WF-004,02_Etch,2,000_golden_reference.png,WF-004_Stage2_02_Etch.png,-3.126,9.86,0.0059,-4.1,9.523,-0.0057,-1.287,10.368,0.42,500.41,499.05,0.566,0,10.368,NORMAL
WF-004,03_CMP,3,000_golden_reference.png,WF-004_Stage3_03_CMP.png,-5.235,6.124,-0.0135,-9.335,15.647,-0.0192,-1.384,18.22,0.414,500.93,498.44,0.649,0,18.22,NORMAL
WF-004,04_Metal1,4,000_golden_reference.png,WF-004_Stage4_04_Metal1.png,12.77,4.52,0.0023,3.434,20.167,-0.0169,-0.673,20.458,0.5,499.66,497.98,1.042,0,20.458,NORMAL
WF-005,01_Lithography,1,000_golden_reference.png,WF-005_Stage1_01_Lithography.png,8.072,-2.877,-0.0187,8.072,-2.877,-0.0187,0.0,8.569,0.5,499.19,500.29,0.485,0,8.569,NORMAL
WF-005,02_Etch,2,000_golden_reference.png,WF-005_Stage2_02_Etch.png,-2.06,-2.181,-0.0116,6.012,-5.058,-0.0303,-1.554,7.857,0.409,499.4,500.51,0.513,0,7.857,NORMAL
WF-005,03_CMP,3,000_golden_reference.png,WF-005_Stage3_03_CMP.png,10.28,-1.336,0.0062,16.292,-6.394,-0.0241,-1.638,17.502,0.409,498.37,500.64,0.958,0,17.502,NORMAL
WF-005,04_Metal1,4,000_golden_reference.png,WF-005_Stage4_04_Metal1.png,11.12,1.259,-0.0094,27.412,-5.134,-0.0335,-1.19,27.889,0.5,497.26,500.51,0.875,0,27.889,NORMAL
WF-006,01_Lithography,1,000_golden_reference.png,WF-006_Stage1_01_Lithography.png,-3.22,3.523,0.0159,-3.22,3.523,0.0159,0.0,4.772,0.5,500.32,499.65,0.532,0,4.772,NORMAL
WF-006,02_Etch,2,000_golden_reference.png,WF-006_Stage2_02_Etch.png,-0.213,-3.052,0.0199,-3.433,0.47,0.0358,-1.208,3.465,0.42,500.34,499.95,0.969,0,3.465,NORMAL
WF-006,03_CMP,3,000_golden_reference.png,WF-006_Stage3_03_CMP.png,-7.0,-6.152,-0.0156,-10.433,-5.682,0.0202,-1.106,11.88,0.412,501.04,500.57,0.866,0,11.88,NORMAL
WF-006,04_Metal1,4,000_golden_reference.png,WF-006_Stage4_04_Metal1.png,8.426,0.599,-0.0175,-2.007,-5.083,0.0027,-0.577,5.465,0.5,500.2,500.51,0.876,0,5.465,NORMAL
WF-007,01_Lithography,1,000_golden_reference.png,WF-007_Stage1_01_Lithography.png,2.641,10.479,0.0144,2.641,10.479,0.0144,0.0,10.807,0.5,499.74,498.95,0.309,0,10.807,NORMAL
WF-007,02_Etch,2,000_golden_reference.png,WF-007_Stage2_02_Etch.png,-8.747,5.973,0.0073,-6.107,16.452,0.0217,-1.23,17.549,0.41,500.61,498.35,0.791,0,17.549,NORMAL
WF-007,03_CMP,3,000_golden_reference.png,WF-007_Stage3_03_CMP.png,-3.13,4.537,-0.0155,-9.237,20.99,0.0062,-1.282,22.932,0.424,500.92,497.9,1.028,0,22.932,NORMAL
WF-007,04_Metal1,4,000_golden_reference.png,WF-007_Stage4_04_Metal1.png,0.982,10.169,0.015,-8.255,31.158,0.0212,-0.824,32.233,0.5,500.83,496.88,1.322,0,32.233,NORMAL
WF-008,01_Lithography,1,000_golden_reference.png,WF-008_Stage1_01_Lithography.png,-5.07,9.427,0.0148,-5.07,9.427,0.0148,0.0,10.704,0.5,500.51,499.06,0.303,0,10.704,NORMAL
WF-008,02_Etch,2,000_golden_reference.png,WF-008_Stage2_02_Etch.png,-2.434,4.501,0.0044,-7.504,13.928,0.0192,-0.922,15.821,0.404,500.75,498.61,1.069,0,15.821,NORMAL
WF-008,03_CMP,3,000_golden_reference.png,WF-008_Stage3_03_CMP.png,7.775,2.709,0.0111,0.271,16.637,0.0303,-0.898,16.639,0.418,499.97,498.34,0.683,0,16.639,NORMAL
WF-008,04_Metal1,4,000_golden_reference.png,WF-008_Stage4_04_Metal1.png,-8.987,-1.165,-0.0192,-8.716,15.472,0.0111,-0.041,17.758,0.5,500.87,498.45,1.236,0,17.758,NORMAL
WF-009,01_Lithography,1,000_golden_reference.png,WF-009_Stage1_01_Lithography.png,9.297,-1.465,-0.0177,9.297,-1.465,-0.0177,0.0,9.411,0.5,499.07,500.15,0.584,2,9.411,NORMAL
WF-009,02_Etch,2,000_golden_reference.png,WF-009_Stage2_02_Etch.png,10.316,10.045,-0.0166,19.613,8.58,-0.0343,-1.189,21.408,0.41,498.04,499.14,0.975,0,21.408,NORMAL
WF-009,03_CMP,3,000_golden_reference.png,WF-009_Stage3_03_CMP.png,-7.477,6.691,0.0106,12.136,15.271,-0.0236,-1.486,19.506,0.402,498.79,498.47,0.794,0,19.506,NORMAL
WF-009,04_Metal1,4,000_golden_reference.png,WF-009_Stage4_04_Metal1.png,1.456,2.896,-0.0094,13.592,18.168,-0.033,-0.663,22.689,0.5,498.64,498.18,1.203,0,22.689,NORMAL
WF-010,01_Lithography,1,000_golden_reference.png,WF-010_Stage1_01_Lithography.png,-4.34,2.707,0.0092,-4.34,2.707,0.0092,0.0,5.116,0.5,500.43,499.73,0.426,0,5.116,NORMAL
WF-010,02_Etch,2,000_golden_reference.png,WF-010_Stage2_02_Etch.png,-4.575,-1.389,0.0198,-8.915,1.318,0.029,-1.32,9.012,0.424,500.89,499.87,1.276,2,9.012,NORMAL
WF-010,03_CMP,3,000_golden_reference.png,WF-010_Stage3_03_CMP.png,0.638,2.316,-0.0152,-8.277,3.635,0.0138,-1.54,9.04,0.404,500.83,499.64,0.951,0,9.04,NORMAL
WF-010,04_Metal1,4,000_golden_reference.png,WF-010_Stage4_04_Metal1.png,-1.562,3.59,-0.0108,-9.839,7.224,0.003,-1.108,12.206,0.5,500.98,499.28,0.829,0,12.206,NORMAL
WF-011,01_Lithography,1,000_golden_reference.png,WF-011_Stage1_01_Lithography.png,4.884,-2.879,0.0162,4.884,-2.879,0.0162,0.0,5.67,0.5,499.51,500.29,0.268,1,5.67,NORMAL
WF-011,02_Etch,2,000_golden_reference.png,WF-011_Stage2_02_Etch.png,38.631,13.559,0.0443,43.516,10.68,0.0605,-1.335,44.807,0.417,495.65,498.93,0.75,0,44.807,WATCH
WF-011,03_CMP,3,000_golden_reference.png,WF-011_Stage3_03_CMP.png,23.142,14.911,0.0861,66.657,25.591,0.1466,-1.278,71.401,0.414,493.33,497.44,0.91,0,71.401,CRITICAL_DRIFT
WF-011,04_Metal1,4,000_golden_reference.png,WF-011_Stage4_04_Metal1.png,29.344,29.262,0.0784,96.001,54.852,0.2251,-0.864,110.567,0.5,490.4,494.51,0.897,0,110.567,CRITICAL_DRIFT
WF-012,01_Lithography,1,000_golden_reference.png,WF-012_Stage1_01_Lithography.png,0.483,0.624,-0.0013,0.483,0.624,-0.0013,0.0,0.789,0.5,499.95,499.94,0.541,0,0.789,NORMAL
WF-012,02_Etch,2,000_golden_reference.png,WF-012_Stage2_02_Etch.png,35.498,26.814,0.089,35.981,27.438,0.0877,-0.879,45.249,0.415,496.4,497.26,0.546,0,45.249,WATCH
WF-012,03_CMP,3,000_golden_reference.png,WF-012_Stage3_03_CMP.png,27.663,19.465,0.0817,63.644,46.903,0.1694,-1.08,79.06,0.413,493.64,495.31,0.649,0,79.06,CRITICAL_DRIFT
WF-012,04_Metal1,4,000_golden_reference.png,WF-012_Stage4_04_Metal1.png,22.565,21.869,0.0553,86.209,68.773,0.2247,-0.613,110.28,0.5,491.38,493.12,0.992,0,110.28,CRITICAL_DRIFT
WF-013,01_Lithography,1,000_golden_reference.png,WF-013_Stage1_01_Lithography.png,11.312,0.976,0.0145,11.312,0.976,0.0145,0.0,11.354,0.5,498.87,499.9,0.527,0,11.354,NORMAL
WF-013,02_Etch,2,000_golden_reference.png,WF-013_Stage2_02_Etch.png,3.107,-6.089,0.02,14.419,-5.113,0.0344,-1.469,15.299,0.407,498.56,500.51,0.731,0,15.299,NORMAL
WF-013,03_CMP,3,000_golden_reference.png,WF-013_Stage3_03_CMP.png,12.318,9.675,0.0139,26.737,4.562,0.0484,-1.736,27.123,0.408,497.33,499.54,0.864,0,27.123,NORMAL
WF-013,04_Metal1,4,000_golden_reference.png,WF-013_Stage4_04_Metal1.png,1.684,-3.153,-0.004,28.421,1.409,0.0444,-1.401,28.456,0.5,497.16,499.86,1.031,0,28.456,NORMAL
WF-014,01_Lithography,1,000_golden_reference.png,WF-014_Stage1_01_Lithography.png,12.677,-2.226,0.0114,12.677,-2.226,0.0114,0.0,12.871,0.5,498.73,500.22,0.223,0,12.871,NORMAL
WF-014,02_Etch,2,000_golden_reference.png,WF-014_Stage2_02_Etch.png,1.01,0.614,0.0183,13.687,-1.612,0.0297,-1.596,13.782,0.405,498.63,500.16,0.684,0,13.782,NORMAL
WF-014,03_CMP,3,000_golden_reference.png,WF-014_Stage3_03_CMP.png,3.227,5.931,-0.0138,16.914,4.319,0.0158,-1.759,17.457,0.41,498.31,499.57,0.441,1,17.457,NORMAL
WF-014,04_Metal1,4,000_golden_reference.png,WF-014_Stage4_04_Metal1.png,12.312,3.425,0.0017,29.225,7.744,0.0175,-1.01,30.234,0.5,497.08,499.23,0.76,0,30.234,NORMAL
WF-015,01_Lithography,1,000_golden_reference.png,WF-015_Stage1_01_Lithography.png,3.852,2.051,0.0141,3.852,2.051,0.0141,0.0,4.364,0.5,499.61,499.79,0.305,2,4.364,NORMAL
WF-015,02_Etch,2,000_golden_reference.png,WF-015_Stage2_02_Etch.png,21.778,33.137,0.0348,25.63,35.188,0.0489,-0.949,43.533,0.408,497.44,496.48,1.078,0,43.533,WATCH
WF-015,03_CMP,3,000_golden_reference.png,WF-015_Stage3_03_CMP.png,32.281,26.855,0.0441,57.911,62.043,0.093,-1.253,84.871,0.399,494.21,493.8,0.817,0,84.871,CRITICAL_DRIFT
WF-015,04_Metal1,4,000_golden_reference.png,WF-015_Stage4_04_Metal1.png,39.367,17.417,0.0657,97.278,79.46,0.1587,-0.581,125.606,0.5,490.27,492.05,0.758,0,125.606,CRITICAL_DRIFT
WF-016,01_Lithography,1,000_golden_reference.png,WF-016_Stage1_01_Lithography.png,3.841,2.41,0.0174,3.841,2.41,0.0174,0.0,4.534,0.5,499.62,499.76,0.963,0,4.534,NORMAL
WF-016,02_Etch,2,000_golden_reference.png,WF-016_Stage2_02_Etch.png,-4.506,5.891,-0.0105,-0.666,8.302,0.0069,-1.117,8.328,0.395,500.07,499.17,1.11,1,8.328,NORMAL
WF-016,03_CMP,3,000_golden_reference.png,WF-016_Stage3_03_CMP.png,5.777,-1.6,-0.0074,5.112,6.701,-0.0004,-0.915,8.428,0.41,499.49,499.33,0.658,0,8.428,NORMAL
WF-016,04_Metal1,4,000_golden_reference.png,WF-016_Stage4_04_Metal1.png,-7.404,1.249,0.0199,-2.292,7.951,0.0195,-0.017,8.275,0.5,500.23,499.2,1.161,1,8.275,NORMAL
WF-017,01_Lithography,1,000_golden_reference.png,WF-017_Stage1_01_Lithography.png,-4.311,-2.226,0.0173,-4.311,-2.226,0.0173,0.0,4.852,0.5,500.43,500.22,0.623,0,4.852,NORMAL
WF-017,02_Etch,2,000_golden_reference.png,WF-017_Stage2_02_Etch.png,39.141,31.344,0.0522,34.83,29.118,0.0695,-0.926,45.398,0.405,496.52,497.09,0.835,0,45.398,WATCH
WF-017,03_CMP,3,000_golden_reference.png,WF-017_Stage3_03_CMP.png,38.01,27.478,0.0667,72.84,56.595,0.1362,-0.536,92.243,0.408,492.72,494.34,0.98,0,92.243,CRITICAL_DRIFT
WF-017,04_Metal1,4,000_golden_reference.png,WF-017_Stage4_04_Metal1.png,33.695,12.172,0.079,106.535,68.768,0.2152,-0.057,126.802,0.5,489.35,493.12,1.086,0,126.802,CRITICAL_DRIFT
WF-018,01_Lithography,1,000_golden_reference.png,WF-018_Stage1_01_Lithography.png,11.656,-4.583,-0.0154,11.656,-4.583,-0.0154,0.0,12.525,0.5,498.83,500.46,0.262,2,12.525,NORMAL
WF-018,02_Etch,2,000_golden_reference.png,WF-018_Stage2_02_Etch.png,-6.645,2.958,-0.0091,5.011,-1.625,-0.0245,-1.284,5.268,0.406,499.5,500.16,0.882,1,5.268,NORMAL
WF-018,03_CMP,3,000_golden_reference.png,WF-018_Stage3_03_CMP.png,6.787,-3.335,0.0054,11.799,-4.96,-0.0191,-1.473,12.799,0.403,498.82,500.5,0.722,0,12.799,NORMAL
WF-018,04_Metal1,4,000_golden_reference.png,WF-018_Stage4_04_Metal1.png,1.748,9.296,0.0138,13.546,4.336,-0.0053,-1.117,14.223,0.5,498.65,499.57,1.184,0,14.223,NORMAL
WF-019,01_Lithography,1,000_golden_reference.png,WF-019_Stage1_01_Lithography.png,-2.913,-6.936,0.0108,-2.913,-6.936,0.0108,0.0,7.523,0.5,500.29,500.69,0.984,0,7.523,NORMAL
WF-019,02_Etch,2,000_golden_reference.png,WF-019_Stage2_02_Etch.png,5.016,-2.285,0.0096,2.103,-9.221,0.0205,-1.241,9.458,0.413,499.79,500.92,0.975,1,9.458,NORMAL
WF-019,03_CMP,3,000_golden_reference.png,WF-019_Stage3_03_CMP.png,0.409,-6.826,-0.017,2.513,-16.047,0.0035,-0.935,16.242,0.404,499.75,501.6,0.626,2,16.242,NORMAL
WF-019,04_Metal1,4,000_golden_reference.png,WF-019_Stage4_04_Metal1.png,10.886,2.821,0.0134,13.399,-13.226,0.0169,-0.285,18.827,0.5,498.66,501.32,1.032,0,18.827,NORMAL
WF-020,01_Lithography,1,000_golden_reference.png,WF-020_Stage1_01_Lithography.png,-6.196,-1.451,0.016,-6.196,-1.451,0.016,0.0,6.364,0.5,500.62,500.15,0.747,0,6.364,NORMAL
WF-020,02_Etch,2,000_golden_reference.png,WF-020_Stage2_02_Etch.png,37.107,30.935,0.0839,30.911,29.484,0.0999,-0.968,42.718,0.41,496.91,497.05,0.406,0,42.718,WATCH
WF-020,03_CMP,3,000_golden_reference.png,WF-020_Stage3_03_CMP.png,23.989,14.261,0.0768,54.899,43.746,0.1767,-0.661,70.197,0.408,494.51,495.63,0.586,0,70.197,CRITICAL_DRIFT
WF-020,04_Metal1,4,000_golden_reference.png,WF-020_Stage4_04_Metal1.png,27.753,25.655,0.0393,82.653,69.4,0.216,0.197,107.925,0.5,491.73,493.06,0.845,0,107.925,CRITICAL_DRIFT
WF-021,01_Lithography,1,000_golden_reference.png,WF-021_Stage1_01_Lithography.png,12.477,7.594,0.0153,12.477,7.594,0.0153,0.0,14.606,0.5,498.75,499.24,0.388,0,14.606,NORMAL
WF-021,02_Etch,2,000_golden_reference.png,WF-021_Stage2_02_Etch.png,-8.455,6.258,-0.0067,4.022,13.852,0.0085,-1.545,14.424,0.406,499.6,498.61,0.817,0,14.424,NORMAL
WF-021,03_CMP,3,000_golden_reference.png,WF-021_Stage3_03_CMP.png,8.649,8.553,0.0124,12.671,22.405,0.021,-1.731,25.74,0.405,498.73,497.76,0.769,0,25.74,NORMAL
WF-021,04_Metal1,4,000_golden_reference.png,WF-021_Stage4_04_Metal1.png,8.322,-5.054,0.0149,20.993,17.351,0.0359,-0.916,27.235,0.5,497.9,498.26,1.504,0,27.235,NORMAL
WF-022,01_Lithography,1,000_golden_reference.png,WF-022_Stage1_01_Lithography.png,8.965,1.285,-0.0078,8.965,1.285,-0.0078,0.0,9.057,0.5,499.1,499.87,0.503,0,9.057,NORMAL
WF-022,02_Etch,2,000_golden_reference.png,WF-022_Stage2_02_Etch.png,8.498,-2.903,-0.0191,17.463,-1.618,-0.0268,-0.955,17.537,0.408,498.25,500.16,0.836,0,17.537,NORMAL
WF-022,03_CMP,3,000_golden_reference.png,WF-022_Stage3_03_CMP.png,-1.778,8.558,0.0187,15.684,6.941,-0.0082,-1.131,17.151,0.415,498.43,499.31,1.023,0,17.151,NORMAL
WF-022,04_Metal1,4,000_golden_reference.png,WF-022_Stage4_04_Metal1.png,5.113,0.194,0.0192,20.797,7.135,0.0111,-0.509,21.987,0.5,497.92,499.29,1.475,0,21.987,NORMAL
WF-023,01_Lithography,1,000_golden_reference.png,WF-023_Stage1_01_Lithography.png,-6.462,10.467,-0.0129,-6.462,10.467,-0.0129,0.0,12.301,0.5,500.65,498.95,0.774,0,12.301,NORMAL
WF-023,02_Etch,2,000_golden_reference.png,WF-023_Stage2_02_Etch.png,12.176,-2.222,-0.0157,5.713,8.246,-0.0285,-1.148,10.032,0.408,499.43,499.18,0.454,0,10.032,NORMAL
WF-023,03_CMP,3,000_golden_reference.png,WF-023_Stage3_03_CMP.png,7.028,-1.354,0.0042,12.741,6.892,-0.0243,-1.139,14.486,0.407,498.73,499.31,0.61,0,14.486,NORMAL
WF-023,04_Metal1,4,000_golden_reference.png,WF-023_Stage4_04_Metal1.png,-0.526,3.379,-0.0098,12.216,10.27,-0.0341,-0.413,15.959,0.5,498.78,498.97,1.165,0,15.959,NORMAL
WF-024,01_Lithography,1,000_golden_reference.png,WF-024_Stage1_01_Lithography.png,11.363,2.692,0.0088,11.363,2.692,0.0088,0.0,11.677,0.5,498.86,499.73,0.378,0,11.677,NORMAL
WF-024,02_Etch,2,000_golden_reference.png,WF-024_Stage2_02_Etch.png,35.807,26.754,0.0519,47.169,29.446,0.0606,-0.856,55.606,0.408,495.28,497.06,0.12,0,55.606,WATCH
WF-024,03_CMP,3,000_golden_reference.png,WF-024_Stage3_03_CMP.png,33.942,19.264,0.0488,81.111,48.71,0.1095,-0.578,94.614,0.41,491.89,495.13,0.39,0,94.614,CRITICAL_DRIFT
WF-024,04_Metal1,4,000_golden_reference.png,WF-024_Stage4_04_Metal1.png,35.274,18.607,0.0486,116.385,67.317,0.158,-0.033,134.451,0.5,488.36,493.27,0.784,2,134.451,CRITICAL_DRIFT
WF-025,01_Lithography,1,000_golden_reference.png,WF-025_Stage1_01_Lithography.png,-2.496,-4.709,-0.0032,-2.496,-4.709,-0.0032,0.0,5.329,0.5,500.25,500.47,0.815,2,5.329,NORMAL
WF-025,02_Etch,2,000_golden_reference.png,WF-025_Stage2_02_Etch.png,11.688,5.192,0.0161,9.192,0.483,0.0129,-1.292,9.205,0.406,499.08,499.95,0.623,2,9.205,NORMAL
WF-025,03_CMP,3,000_golden_reference.png,WF-025_Stage3_03_CMP.png,-2.379,2.863,-0.02,6.813,3.346,-0.0071,-1.463,7.59,0.412,499.32,499.67,0.781,0,7.59,NORMAL
WF-025,04_Metal1,4,000_golden_reference.png,WF-025_Stage4_04_Metal1.png,0.458,3.44,0.0062,7.271,6.785,-0.0009,-0.884,9.945,0.5,499.27,499.32,0.811,0,9.945,NORMAL
WF-026,01_Lithography,1,000_golden_reference.png,WF-026_Stage1_01_Lithography.png,-4.299,1.517,0.016,-4.299,1.517,0.016,0.0,4.559,0.5,500.43,499.85,0.326,2,4.559,NORMAL
WF-026,02_Etch,2,000_golden_reference.png,WF-026_Stage2_02_Etch.png,8.513,-3.946,-0.0166,4.214,-2.428,-0.0006,-1.212,4.864,0.406,499.58,500.24,0.642,0,4.864,NORMAL
WF-026,03_CMP,3,000_golden_reference.png,WF-026_Stage3_03_CMP.png,4.925,-0.967,0.0127,9.139,-3.395,0.0122,-1.011,9.749,0.402,499.09,500.34,1.447,0,9.749,NORMAL
WF-026,04_Metal1,4,000_golden_reference.png,WF-026_Stage4_04_Metal1.png,5.802,-2.956,-0.012,14.94,-6.351,0.0001,-0.697,16.234,0.5,498.51,500.64,0.62,0,16.234,NORMAL
WF-027,01_Lithography,1,000_golden_reference.png,WF-027_Stage1_01_Lithography.png,1.453,8.295,-0.0171,1.453,8.295,-0.0171,0.0,8.422,0.5,499.85,499.17,0.538,0,8.422,NORMAL
WF-027,02_Etch,2,000_golden_reference.png,WF-027_Stage2_02_Etch.png,0.118,4.336,-0.0122,1.571,12.631,-0.0293,-1.357,12.728,0.406,499.84,498.74,0.568,0,12.728,NORMAL
WF-027,03_CMP,3,000_golden_reference.png,WF-027_Stage3_03_CMP.png,1.876,-2.608,0.0062,3.447,10.023,-0.0231,-1.753,10.599,0.412,499.66,499.0,0.904,1,10.599,NORMAL
WF-027,04_Metal1,4,000_golden_reference.png,WF-027_Stage4_04_Metal1.png,7.521,6.861,-0.0157,10.968,16.884,-0.0388,-1.198,20.134,0.5,498.9,498.31,1.177,2,20.134,NORMAL
WF-028,01_Lithography,1,000_golden_reference.png,WF-028_Stage1_01_Lithography.png,12.075,2.323,-0.018,12.075,2.323,-0.018,0.0,12.297,0.5,498.79,499.77,0.443,1,12.297,NORMAL
WF-028,02_Etch,2,000_golden_reference.png,WF-028_Stage2_02_Etch.png,23.981,30.663,0.0574,36.056,32.987,0.0394,-1.441,48.869,0.412,496.39,496.7,0.551,1,48.869,WATCH
WF-028,03_CMP,3,000_golden_reference.png,WF-028_Stage3_03_CMP.png,34.022,33.734,0.0657,70.078,66.72,0.1051,-1.081,96.76,0.418,492.99,493.33,1.307,0,96.76,CRITICAL_DRIFT
WF-028,04_Metal1,4,000_golden_reference.png,WF-028_Stage4_04_Metal1.png,39.394,25.478,0.0732,109.472,92.199,0.1783,-0.478,143.125,0.5,489.05,490.78,0.739,2,143.125,CRITICAL_DRIFT
WF-029,01_Lithography,1,000_golden_reference.png,WF-029_Stage1_01_Lithography.png,3.053,9.15,0.0097,3.053,9.15,0.0097,0.0,9.646,0.5,499.69,499.09,0.588,0,9.646,NORMAL
WF-029,02_Etch,2,000_golden_reference.png,WF-029_Stage2_02_Etch.png,1.443,-2.335,-0.0101,4.496,6.815,-0.0004,-1.31,8.165,0.412,499.55,499.32,0.463,0,8.165,NORMAL
WF-029,03_CMP,3,000_golden_reference.png,WF-029_Stage3_03_CMP.png,7.848,2.383,0.0051,12.344,9.199,0.0047,-1.49,15.394,0.4,498.77,499.08,0.405,0,15.394,NORMAL
WF-029,04_Metal1,4,000_golden_reference.png,WF-029_Stage4_04_Metal1.png,-7.295,-1.857,-0.0091,5.049,7.342,-0.0044,-0.999,8.91,0.5,499.5,499.27,0.758,0,8.91,NORMAL
WF-030,01_Lithography,1,000_golden_reference.png,WF-030_Stage1_01_Lithography.png,-5.956,-2.837,0.0078,-5.956,-2.837,0.0078,0.0,6.597,0.5,500.6,500.28,0.525,0,6.597,NORMAL
WF-030,02_Etch,2,000_golden_reference.png,WF-030_Stage2_02_Etch.png,6.541,-5.844,-0.0037,0.585,-8.681,0.0041,-1.234,8.701,0.424,499.94,500.87,0.695,0,8.701,NORMAL
WF-030,03_CMP,3,000_golden_reference.png,WF-030_Stage3_03_CMP.png,0.147,-3.277,-0.0032,0.732,-11.958,0.0009,-0.91,11.981,0.411,499.93,501.2,0.597,0,11.981,NORMAL
WF-030,04_Metal1,4,000_golden_reference.png,WF-030_Stage4_04_Metal1.png,3.85,5.519,0.0143,4.582,-6.439,0.0151,-0.151,7.903,0.5,499.54,500.64,0.833,0,7.903,NORMAL
WF-031,01_Lithography,1,000_golden_reference.png,WF-031_Stage1_01_Lithography.png,-8.87,-0.668,0.0101,-8.87,-0.668,0.0101,0.0,8.895,0.5,500.89,500.07,0.509,0,8.895,NORMAL
WF-031,02_Etch,2,000_golden_reference.png,WF-031_Stage2_02_Etch.png,9.776,10.162,-0.0032,0.906,9.493,0.0069,-1.398,9.536,0.41,499.91,499.05,0.912,0,9.536,NORMAL
WF-031,03_CMP,3,000_golden_reference.png,WF-031_Stage3_03_CMP.png,3.015,3.859,-0.0112,3.92,13.352,-0.0043,-1.622,13.916,0.409,499.61,498.66,1.0,1,13.916,NORMAL
WF-031,04_Metal1,4,000_golden_reference.png,WF-031_Stage4_04_Metal1.png,0.588,-6.478,-0.0066,4.509,6.874,-0.0108,-0.915,8.221,0.5,499.55,499.31,1.172,0,8.221,NORMAL
WF-032,01_Lithography,1,000_golden_reference.png,WF-032_Stage1_01_Lithography.png,-5.369,1.413,-0.0149,-5.369,1.413,-0.0149,0.0,5.552,0.5,500.54,499.86,0.073,2,5.552,NORMAL
WF-032,02_Etch,2,000_golden_reference.png,WF-032_Stage2_02_Etch.png,4.69,-6.515,-0.0042,-0.679,-5.102,-0.0191,-1.252,5.147,0.395,500.07,500.51,0.609,0,5.147,NORMAL
WF-032,03_CMP,3,000_golden_reference.png,WF-032_Stage3_03_CMP.png,-8.404,4.569,-0.0146,-9.083,-0.532,-0.0337,-1.282,9.099,0.411,500.91,500.05,0.92,0,9.099,NORMAL
WF-032,04_Metal1,4,000_golden_reference.png,WF-032_Stage4_04_Metal1.png,-7.894,-0.176,-0.0115,-16.977,-0.708,-0.0452,-0.786,16.992,0.5,501.7,500.07,0.697,0,16.992,NORMAL
WF-033,01_Lithography,1,000_golden_reference.png,WF-033_Stage1_01_Lithography.png,-0.659,6.536,0.0133,-0.659,6.536,0.0133,0.0,6.569,0.5,500.07,499.35,0.817,0,6.569,NORMAL
WF-033,02_Etch,2,000_golden_reference.png,WF-033_Stage2_02_Etch.png,-3.45,-5.526,-0.0192,-4.109,1.01,-0.0059,-1.232,4.232,0.42,500.41,499.9,0.714,0,4.232,NORMAL
WF-033,03_CMP,3,000_golden_reference.png,WF-033_Stage3_03_CMP.png,12.998,-0.701,0.006,8.889,0.31,0.0001,-1.007,8.894,0.406,499.11,499.97,0.786,0,8.894,NORMAL
WF-033,04_Metal1,4,000_golden_reference.png,WF-033_Stage4_04_Metal1.png,5.339,6.576,0.018,14.227,6.886,0.018,-0.587,15.806,0.5,498.58,499.31,0.572,0,15.806,NORMAL
WF-034,01_Lithography,1,000_golden_reference.png,WF-034_Stage1_01_Lithography.png,-5.648,-4.728,0.0068,-5.648,-4.728,0.0068,0.0,7.365,0.5,500.56,500.47,0.519,0,7.365,NORMAL
WF-034,02_Etch,2,000_golden_reference.png,WF-034_Stage2_02_Etch.png,31.535,16.795,0.072,25.888,12.067,0.0787,-1.414,28.562,0.411,497.41,498.79,0.434,0,28.562,NORMAL
WF-034,03_CMP,3,000_golden_reference.png,WF-034_Stage3_03_CMP.png,22.027,25.359,0.0749,47.915,37.427,0.1536,-1.722,60.799,0.402,495.21,496.26,0.916,2,60.799,WATCH
WF-034,04_Metal1,4,000_golden_reference.png,WF-034_Stage4_04_Metal1.png,37.663,33.224,0.0365,85.578,70.65,0.1901,-1.406,110.973,0.5,491.44,492.93,0.7,0,110.973,CRITICAL_DRIFT
WF-035,01_Lithography,1,000_golden_reference.png,WF-035_Stage1_01_Lithography.png,5.902,10.247,-0.0041,5.902,10.247,-0.0041,0.0,11.825,0.5,499.41,498.98,0.855,0,11.825,NORMAL
WF-035,02_Etch,2,000_golden_reference.png,WF-035_Stage2_02_Etch.png,6.73,-5.632,0.0076,12.632,4.615,0.0035,-1.302,13.449,0.402,498.74,499.54,0.715,0,13.449,NORMAL
WF-035,03_CMP,3,000_golden_reference.png,WF-035_Stage3_03_CMP.png,-6.758,6.905,0.014,5.874,11.52,0.0175,-1.221,12.931,0.411,499.41,498.85,0.9,2,12.931,NORMAL
WF-035,04_Metal1,4,000_golden_reference.png,WF-035_Stage4_04_Metal1.png,-6.337,10.709,0.0113,-0.463,22.229,0.0288,-0.713,22.234,0.5,500.05,497.78,1.328,2,22.234,NORMAL
WF-036,01_Lithography,1,000_golden_reference.png,WF-036_Stage1_01_Lithography.png,-0.847,2.107,-0.0064,-0.847,2.107,-0.0064,0.0,2.271,0.5,500.08,499.79,1.201,0,2.271,NORMAL
WF-036,02_Etch,2,000_golden_reference.png,WF-036_Stage2_02_Etch.png,9.691,7.802,-0.0158,8.843,9.909,-0.0221,-1.569,13.281,0.406,499.12,499.01,0.953,0,13.281,NORMAL
WF-036,03_CMP,3,000_golden_reference.png,WF-036_Stage3_03_CMP.png,4.983,7.917,0.0083,13.826,17.826,-0.0138,-1.62,22.559,0.405,498.62,498.22,0.785,0,22.559,NORMAL
WF-036,04_Metal1,4,000_golden_reference.png,WF-036_Stage4_04_Metal1.png,7.143,10.379,-0.0092,20.97,28.205,-0.023,-0.835,35.146,0.5,497.9,497.18,0.89,0,35.146,NORMAL
WF-037,01_Lithography,1,000_golden_reference.png,WF-037_Stage1_01_Lithography.png,1.637,0.84,0.0092,1.637,0.84,0.0092,0.0,1.84,0.5,499.84,499.92,0.725,0,1.84,NORMAL
WF-037,02_Etch,2,000_golden_reference.png,WF-037_Stage2_02_Etch.png,-3.095,8.331,0.0132,-1.458,9.171,0.0225,-0.869,9.286,0.395,500.15,499.08,0.859,0,9.286,NORMAL
WF-037,03_CMP,3,000_golden_reference.png,WF-037_Stage3_03_CMP.png,10.396,-2.61,-0.0014,8.938,6.561,0.0211,-0.781,11.087,0.401,499.11,499.34,0.594,2,11.087,NORMAL
WF-037,04_Metal1,4,000_golden_reference.png,WF-037_Stage4_04_Metal1.png,-0.662,-6.483,0.014,8.275,0.077,0.0351,-0.372,8.276,0.5,499.17,499.99,0.967,0,8.276,NORMAL
WF-038,01_Lithography,1,000_golden_reference.png,WF-038_Stage1_01_Lithography.png,8.552,-0.874,0.0152,8.552,-0.874,0.0152,0.0,8.597,0.5,499.14,500.09,0.736,1,8.597,NORMAL
WF-038,02_Etch,2,000_golden_reference.png,WF-038_Stage2_02_Etch.png,34.828,18.078,0.0306,43.381,17.204,0.0458,-1.558,46.668,0.407,495.66,498.28,0.733,0,46.668,WATCH
WF-038,03_CMP,3,000_golden_reference.png,WF-038_Stage3_03_CMP.png,20.055,27.842,0.0593,63.435,45.046,0.1051,-1.352,77.802,0.403,493.66,495.5,1.024,0,77.802,CRITICAL_DRIFT
WF-038,04_Metal1,4,000_golden_reference.png,WF-038_Stage4_04_Metal1.png,34.575,26.21,0.0594,98.01,71.256,0.1646,-0.576,121.175,0.5,490.2,492.87,0.734,2,121.175,CRITICAL_DRIFT
WF-039,01_Lithography,1,000_golden_reference.png,WF-039_Stage1_01_Lithography.png,-4.125,5.452,-0.0078,-4.125,5.452,-0.0078,0.0,6.837,0.5,500.41,499.45,0.657,0,6.837,NORMAL
WF-039,02_Etch,2,000_golden_reference.png,WF-039_Stage2_02_Etch.png,31.957,22.412,0.0619,27.832,27.864,0.0541,-1.14,39.383,0.394,497.22,497.21,0.702,2,39.383,NORMAL
WF-039,03_CMP,3,000_golden_reference.png,WF-039_Stage3_03_CMP.png,35.902,19.277,0.0722,63.735,47.141,0.1263,-1.324,79.274,0.413,493.63,495.29,1.243,0,79.274,CRITICAL_DRIFT
WF-039,04_Metal1,4,000_golden_reference.png,WF-039_Stage4_04_Metal1.png,24.034,14.654,0.0416,87.769,61.796,0.1678,-0.952,107.341,0.5,491.22,493.82,1.149,0,107.341,CRITICAL_DRIFT
WF-040,01_Lithography,1,000_golden_reference.png,WF-040_Stage1_01_Lithography.png,7.768,-3.667,-0.0113,7.768,-3.667,-0.0113,0.0,8.59,0.5,499.22,500.37,0.602,0,8.59,NORMAL
WF-040,02_Etch,2,000_golden_reference.png,WF-040_Stage2_02_Etch.png,1.652,6.043,0.0191,9.421,2.375,0.0077,-1.22,9.715,0.398,499.06,499.76,0.631,0,9.715,NORMAL
WF-040,03_CMP,3,000_golden_reference.png,WF-040_Stage3_03_CMP.png,-2.774,-5.191,-0.0122,6.647,-2.815,-0.0045,-1.438,7.218,0.415,499.34,500.28,0.647,0,7.218,NORMAL
WF-040,04_Metal1,4,000_golden_reference.png,WF-040_Stage4_04_Metal1.png,-5.052,-6.745,0.0014,1.594,-9.561,-0.0032,-0.973,9.693,0.5,499.84,500.96,0.648,0,9.693,NORMAL
WF-041,01_Lithography,1,000_golden_reference.png,WF-041_Stage1_01_Lithography.png,3.174,5.554,-0.0149,3.174,5.554,-0.0149,0.0,6.396,0.5,499.68,499.44,0.433,0,6.396,NORMAL
WF-041,02_Etch,2,000_golden_reference.png,WF-041_Stage2_02_Etch.png,10.106,1.836,0.0149,13.28,7.389,-0.0,-1.259,15.197,0.407,498.67,499.26,0.416,0,15.197,NORMAL
WF-041,03_CMP,3,000_golden_reference.png,WF-041_Stage3_03_CMP.png,1.327,0.928,-0.0126,14.607,8.318,-0.0127,-1.618,16.809,0.405,498.54,499.17,0.173,0,16.809,NORMAL
WF-041,04_Metal1,4,000_golden_reference.png,WF-041_Stage4_04_Metal1.png,11.703,1.599,0.0129,26.31,9.917,0.0002,-1.078,28.117,0.5,497.37,499.01,0.609,0,28.117,NORMAL
WF-042,01_Lithography,1,000_golden_reference.png,WF-042_Stage1_01_Lithography.png,4.848,-6.035,-0.014,4.848,-6.035,-0.014,0.0,7.741,0.5,499.52,500.6,0.37,0,7.741,NORMAL
WF-042,02_Etch,2,000_golden_reference.png,WF-042_Stage2_02_Etch.png,31.508,18.684,0.0896,36.356,12.649,0.0756,-0.895,38.494,0.411,496.36,498.74,0.745,0,38.494,NORMAL
WF-042,03_CMP,3,000_golden_reference.png,WF-042_Stage3_03_CMP.png,36.347,25.339,0.0774,72.703,37.988,0.153,-1.114,82.029,0.401,492.73,496.2,0.938,0,82.029,CRITICAL_DRIFT
WF-042,04_Metal1,4,000_golden_reference.png,WF-042_Stage4_04_Metal1.png,30.542,21.911,0.0566,103.244,59.9,0.2096,-0.298,119.362,0.5,489.68,494.01,0.814,0,119.362,CRITICAL_DRIFT
WF-043,01_Lithography,1,000_golden_reference.png,WF-043_Stage1_01_Lithography.png,-2.282,4.178,0.0044,-2.282,4.178,0.0044,0.0,4.761,0.5,500.23,499.58,0.496,0,4.761,NORMAL
WF-043,02_Etch,2,000_golden_reference.png,WF-043_Stage2_02_Etch.png,7.282,10.057,-0.0117,5.0,14.235,-0.0073,-0.969,15.088,0.406,499.5,498.58,0.749,1,15.088,NORMAL
WF-043,03_CMP,3,000_golden_reference.png,WF-043_Stage3_03_CMP.png,5.529,-4.173,-0.013,10.53,10.062,-0.0204,-1.309,14.564,0.423,498.95,498.99,0.996,0,14.564,NORMAL
WF-043,04_Metal1,4,000_golden_reference.png,WF-043_Stage4_04_Metal1.png,-8.941,1.109,0.0038,1.589,11.171,-0.0166,-0.834,11.284,0.5,499.84,498.88,1.073,0,11.284,NORMAL
WF-044,01_Lithography,1,000_golden_reference.png,WF-044_Stage1_01_Lithography.png,6.553,5.654,-0.0018,6.553,5.654,-0.0018,0.0,8.655,0.5,499.34,499.43,0.456,0,8.655,NORMAL
WF-044,02_Etch,2,000_golden_reference.png,WF-044_Stage2_02_Etch.png,6.122,9.63,0.0115,12.675,15.284,0.0097,-1.3,19.856,0.402,498.73,498.47,0.504,0,19.856,NORMAL
WF-044,03_CMP,3,000_golden_reference.png,WF-044_Stage3_03_CMP.png,5.546,9.806,-0.003,18.222,25.09,0.0067,-1.264,31.009,0.394,498.18,497.49,0.935,0,31.009,NORMAL
WF-044,04_Metal1,4,000_golden_reference.png,WF-044_Stage4_04_Metal1.png,5.248,9.351,0.0131,23.469,34.442,0.0197,-0.922,41.678,0.5,497.65,496.56,1.211,0,41.678,WATCH
WF-045,01_Lithography,1,000_golden_reference.png,WF-045_Stage1_01_Lithography.png,-2.233,6.481,0.0028,-2.233,6.481,0.0028,0.0,6.855,0.5,500.22,499.35,1.135,0,6.855,NORMAL
WF-045,02_Etch,2,000_golden_reference.png,WF-045_Stage2_02_Etch.png,24.927,14.736,0.0713,22.694,21.217,0.0741,-1.36,31.067,0.412,497.73,497.88,0.365,0,31.067,NORMAL
WF-045,03_CMP,3,000_golden_reference.png,WF-045_Stage3_03_CMP.png,40.624,23.01,0.0596,63.318,44.227,0.1337,-1.695,77.235,0.404,493.67,495.58,0.987,0,77.235,CRITICAL_DRIFT
WF-045,04_Metal1,4,000_golden_reference.png,WF-045_Stage4_04_Metal1.png,18.957,21.505,0.0493,82.275,65.732,0.1831,-1.245,105.308,0.5,491.77,493.43,0.97,0,105.308,CRITICAL_DRIFT
WF-046,01_Lithography,1,000_golden_reference.png,WF-046_Stage1_01_Lithography.png,12.162,8.047,0.003,12.162,8.047,0.003,0.0,14.583,0.5,498.78,499.2,0.637,0,14.583,NORMAL
WF-046,02_Etch,2,000_golden_reference.png,WF-046_Stage2_02_Etch.png,40.819,33.991,0.0703,52.981,42.038,0.0733,-1.016,67.633,0.407,494.7,495.8,0.699,0,67.633,CRITICAL_DRIFT
WF-046,03_CMP,3,000_golden_reference.png,WF-046_Stage3_03_CMP.png,18.966,28.638,0.0582,71.946,70.676,0.1316,-0.894,100.853,0.413,492.81,492.93,0.845,0,100.853,CRITICAL_DRIFT
WF-046,04_Metal1,4,000_golden_reference.png,WF-046_Stage4_04_Metal1.png,39.986,15.993,0.0651,111.932,86.669,0.1967,-0.214,141.564,0.5,488.81,491.33,0.502,0,141.564,CRITICAL_DRIFT
WF-047,01_Lithography,1,000_golden_reference.png,WF-047_Stage1_01_Lithography.png,-6.993,-0.737,-0.0067,-6.993,-0.737,-0.0067,0.0,7.031,0.5,500.7,500.07,0.27,0,7.031,NORMAL
WF-047,02_Etch,2,000_golden_reference.png,WF-047_Stage2_02_Etch.png,5.743,8.439,-0.0068,-1.25,7.702,-0.0135,-1.355,7.803,0.395,500.12,499.23,0.505,0,7.803,NORMAL
WF-047,03_CMP,3,000_golden_reference.png,WF-047_Stage3_03_CMP.png,-2.659,10.013,0.0125,-3.909,17.716,-0.0009,-1.315,18.142,0.408,500.39,498.23,0.581,0,18.142,NORMAL
WF-047,04_Metal1,4,000_golden_reference.png,WF-047_Stage4_04_Metal1.png,1.006,-1.339,-0.0071,-2.903,16.377,-0.008,-0.433,16.633,0.5,500.29,498.36,1.503,0,16.633,NORMAL
WF-048,01_Lithography,1,000_golden_reference.png,WF-048_Stage1_01_Lithography.png,2.321,10.786,0.0063,2.321,10.786,0.0063,0.0,11.033,0.5,499.77,498.92,1.006,0,11.033,NORMAL
WF-048,02_Etch,2,000_golden_reference.png,WF-048_Stage2_02_Etch.png,2.937,0.438,-0.0125,5.258,11.225,-0.0062,-1.089,12.395,0.417,499.47,498.88,1.016,0,12.395,NORMAL
WF-048,03_CMP,3,000_golden_reference.png,WF-048_Stage3_03_CMP.png,7.642,4.257,0.0104,12.9,15.482,0.0042,-1.327,20.152,0.402,498.71,498.45,0.905,0,20.152,NORMAL
WF-048,04_Metal1,4,000_golden_reference.png,WF-048_Stage4_04_Metal1.png,3.083,9.698,-0.0025,15.983,25.18,0.0017,-0.608,29.824,0.5,498.4,497.48,1.216,0,29.824,NORMAL
WF-049,01_Lithography,1,000_golden_reference.png,WF-049_Stage1_01_Lithography.png,12.409,3.96,-0.0104,12.409,3.96,-0.0104,0.0,13.026,0.5,498.76,499.6,0.812,0,13.026,NORMAL
WF-049,02_Etch,2,000_golden_reference.png,WF-049_Stage2_02_Etch.png,21.801,24.118,0.0631,34.21,28.078,0.0527,-0.875,44.258,0.405,496.58,497.19,0.628,2,44.258,WATCH
WF-049,03_CMP,3,000_golden_reference.png,WF-049_Stage3_03_CMP.png,41.814,32.084,0.0577,76.024,60.163,0.1104,-1.181,96.95,0.42,492.4,493.98,1.093,0,96.95,CRITICAL_DRIFT
WF-049,04_Metal1,4,000_golden_reference.png,WF-049_Stage4_04_Metal1.png,37.971,22.964,0.073,113.996,83.127,0.1834,-0.575,141.086,0.5,488.6,491.69,0.514,0,141.086,CRITICAL_DRIFT
WF-050,01_Lithography,1,000_golden_reference.png,WF-050_Stage1_01_Lithography.png,9.364,10.644,-0.0103,9.364,10.644,-0.0103,0.0,14.177,0.5,499.06,498.94,0.519,0,14.177,NORMAL
WF-050,02_Etch,2,000_golden_reference.png,WF-050_Stage2_02_Etch.png,3.128,-0.095,0.0169,12.492,10.549,0.0066,-1.207,16.35,0.412,498.75,498.95,0.252,0,16.35,NORMAL
WF-050,03_CMP,3,000_golden_reference.png,WF-050_Stage3_03_CMP.png,10.345,8.552,-0.009,22.837,19.101,-0.0023,-0.975,29.772,0.4,497.72,498.09,0.857,0,29.772,NORMAL
WF-050,04_Metal1,4,000_golden_reference.png,WF-050_Stage4_04_Metal1.png,0.129,9.816,0.0003,22.966,28.918,-0.002,-0.182,36.928,0.5,497.7,497.11,1.03,0,36.928,NORMAL
WF-051,01_Lithography,1,000_golden_reference.png,WF-051_Stage1_01_Lithography.png,-2.432,3.565,0.02,-2.432,3.565,0.02,0.0,4.315,0.5,500.24,499.64,0.548,0,4.315,NORMAL
WF-051,02_Etch,2,000_golden_reference.png,WF-051_Stage2_02_Etch.png,1.772,-4.325,0.0015,-0.66,-0.76,0.0215,-1.076,1.007,0.395,500.07,500.08,0.918,0,1.007,NORMAL
WF-051,03_CMP,3,000_golden_reference.png,WF-051_Stage3_03_CMP.png,3.142,2.782,-0.0018,2.482,2.021,0.0197,-1.219,3.201,0.406,499.75,499.8,0.473,0,3.201,NORMAL
WF-051,04_Metal1,4,000_golden_reference.png,WF-051_Stage4_04_Metal1.png,-4.85,5.555,0.0029,-2.367,7.576,0.0226,-0.779,7.937,0.5,500.24,499.24,0.732,0,7.937,NORMAL
WF-052,01_Lithography,1,000_golden_reference.png,WF-052_Stage1_01_Lithography.png,-8.04,6.405,0.0082,-8.04,6.405,0.0082,0.0,10.279,0.5,500.8,499.36,0.667,1,10.279,NORMAL
WF-052,02_Etch,2,000_golden_reference.png,WF-052_Stage2_02_Etch.png,8.851,-0.051,0.0065,0.811,6.354,0.0148,-1.457,6.406,0.414,499.92,499.36,0.549,0,6.406,NORMAL
WF-052,03_CMP,3,000_golden_reference.png,WF-052_Stage3_03_CMP.png,12.578,1.916,-0.0185,13.389,8.27,-0.0038,-1.455,15.737,0.4,498.66,499.17,0.81,0,15.737,NORMAL
WF-052,04_Metal1,4,000_golden_reference.png,WF-052_Stage4_04_Metal1.png,3.984,8.655,0.015,17.373,16.925,0.0112,-0.891,24.254,0.5,498.26,498.31,0.526,0,24.254,NORMAL
WF-053,01_Lithography,1,000_golden_reference.png,WF-053_Stage1_01_Lithography.png,1.052,6.004,-0.0036,1.052,6.004,-0.0036,0.0,6.096,0.5,499.89,499.4,0.337,0,6.096,NORMAL
WF-053,02_Etch,2,000_golden_reference.png,WF-053_Stage2_02_Etch.png,5.405,-4.221,-0.0012,6.458,1.782,-0.0048,-1.575,6.699,0.412,499.35,499.82,1.063,0,6.699,NORMAL
WF-053,03_CMP,3,000_golden_reference.png,WF-053_Stage3_03_CMP.png,-1.552,5.469,0.006,4.906,7.251,0.0012,-1.294,8.755,0.41,499.51,499.27,0.743,0,8.755,NORMAL
WF-053,04_Metal1,4,000_golden_reference.png,WF-053_Stage4_04_Metal1.png,9.752,8.468,-0.0048,14.657,15.719,-0.0036,-0.804,21.493,0.5,498.53,498.43,1.206,0,21.493,NORMAL
WF-054,01_Lithography,1,000_golden_reference.png,WF-054_Stage1_01_Lithography.png,7.707,8.703,-0.0186,7.707,8.703,-0.0186,0.0,11.625,0.5,499.23,499.13,0.515,0,11.625,NORMAL
WF-054,02_Etch,2,000_golden_reference.png,WF-054_Stage2_02_Etch.png,-7.495,4.361,0.0168,0.212,13.064,-0.0017,-1.598,13.066,0.414,499.98,498.69,0.882,0,13.066,NORMAL
WF-054,03_CMP,3,000_golden_reference.png,WF-054_Stage3_03_CMP.png,7.429,0.811,-0.0161,7.641,13.875,-0.0178,-1.491,15.84,0.396,499.24,498.61,0.89,0,15.84,NORMAL
WF-054,04_Metal1,4,000_golden_reference.png,WF-054_Stage4_04_Metal1.png,10.197,0.986,0.0078,17.838,14.861,-0.01,-0.649,23.217,0.5,498.22,498.51,1.618,0,23.217,NORMAL
WF-055,01_Lithography,1,000_golden_reference.png,WF-055_Stage1_01_Lithography.png,8.515,-1.719,-0.005,8.515,-1.719,-0.005,0.0,8.687,0.5,499.15,500.17,0.884,0,8.687,NORMAL
WF-055,02_Etch,2,000_golden_reference.png,WF-055_Stage2_02_Etch.png,21.494,23.686,0.064,30.009,21.966,0.0589,-1.434,37.189,0.414,497.0,497.8,0.757,2,37.189,NORMAL
WF-055,03_CMP,3,000_golden_reference.png,WF-055_Stage3_03_CMP.png,22.08,13.737,0.0823,52.088,35.704,0.1412,-1.338,63.15,0.407,494.79,496.43,1.001,0,63.15,WATCH
WF-055,04_Metal1,4,000_golden_reference.png,WF-055_Stage4_04_Metal1.png,23.78,32.082,0.0386,75.868,67.786,0.1798,-0.762,101.739,0.5,492.41,493.22,1.008,0,101.739,CRITICAL_DRIFT
WF-056,01_Lithography,1,000_golden_reference.png,WF-056_Stage1_01_Lithography.png,-3.383,-6.831,0.0122,-3.383,-6.831,0.0122,0.0,7.623,0.5,500.34,500.68,0.724,0,7.623,NORMAL
WF-056,02_Etch,2,000_golden_reference.png,WF-056_Stage2_02_Etch.png,10.827,5.197,-0.0137,7.444,-1.634,-0.0015,-1.153,7.621,0.408,499.26,500.16,0.518,0,7.621,NORMAL
WF-056,03_CMP,3,000_golden_reference.png,WF-056_Stage3_03_CMP.png,-1.398,3.576,0.0056,6.046,1.942,0.0041,-1.214,6.351,0.412,499.4,499.81,1.011,0,6.351,NORMAL
WF-056,04_Metal1,4,000_golden_reference.png,WF-056_Stage4_04_Metal1.png,-3.498,8.215,-0.012,2.548,10.158,-0.008,-0.683,10.473,0.5,499.75,498.98,1.187,0,10.473,NORMAL
WF-057,01_Lithography,1,000_golden_reference.png,WF-057_Stage1_01_Lithography.png,-3.781,3.295,0.003,-3.781,3.295,0.003,0.0,5.015,0.5,500.38,499.67,0.335,0,5.015,NORMAL
WF-057,02_Etch,2,000_golden_reference.png,WF-057_Stage2_02_Etch.png,12.839,-1.686,0.0191,9.058,1.609,0.0221,-1.327,9.2,0.398,499.09,499.84,0.708,0,9.2,NORMAL
WF-057,03_CMP,3,000_golden_reference.png,WF-057_Stage3_03_CMP.png,-2.961,3.187,0.0074,6.096,4.795,0.0295,-1.131,7.756,0.409,499.39,499.52,0.797,0,7.756,NORMAL
WF-057,04_Metal1,4,000_golden_reference.png,WF-057_Stage4_04_Metal1.png,-7.921,3.915,-0.0001,-1.825,8.711,0.0294,-0.288,8.9,0.5,500.18,499.13,0.581,0,8.9,NORMAL
WF-058,01_Lithography,1,000_golden_reference.png,WF-058_Stage1_01_Lithography.png,8.575,3.927,-0.0059,8.575,3.927,-0.0059,0.0,9.431,0.5,499.14,499.61,0.1,0,9.431,NORMAL
WF-058,02_Etch,2,000_golden_reference.png,WF-058_Stage2_02_Etch.png,5.006,4.176,0.0071,13.581,8.103,0.0012,-1.377,15.814,0.405,498.64,499.19,0.598,0,15.814,NORMAL
WF-058,03_CMP,3,000_golden_reference.png,WF-058_Stage3_03_CMP.png,5.502,8.09,0.0051,19.083,16.193,0.0063,-1.054,25.027,0.397,498.09,498.38,1.553,2,25.027,NORMAL
WF-058,04_Metal1,4,000_golden_reference.png,WF-058_Stage4_04_Metal1.png,5.219,-1.439,-0.0024,24.302,14.754,0.004,-0.406,28.43,0.5,497.57,498.52,0.989,0,28.43,NORMAL
WF-059,01_Lithography,1,000_golden_reference.png,WF-059_Stage1_01_Lithography.png,-7.017,-1.688,0.0099,-7.017,-1.688,0.0099,0.0,7.217,0.5,500.7,500.17,0.572,1,7.217,NORMAL
WF-059,02_Etch,2,000_golden_reference.png,WF-059_Stage2_02_Etch.png,-5.136,-4.621,0.0016,-12.153,-6.309,0.0115,-1.577,13.693,0.397,501.22,500.63,0.411,0,13.693,NORMAL
WF-059,03_CMP,3,000_golden_reference.png,WF-059_Stage3_03_CMP.png,2.679,9.443,0.0132,-9.474,3.134,0.0247,-1.772,9.979,0.415,500.95,499.69,0.669,0,9.979,NORMAL
WF-059,04_Metal1,4,000_golden_reference.png,WF-059_Stage4_04_Metal1.png,9.143,1.673,0.0123,-0.331,4.807,0.037,-1.024,4.818,0.5,500.03,499.52,0.971,0,4.818,NORMAL
WF-060,01_Lithography,1,000_golden_reference.png,WF-060_Stage1_01_Lithography.png,-6.466,10.332,-0.0144,-6.466,10.332,-0.0144,0.0,12.189,0.5,500.65,498.97,0.63,0,12.189,NORMAL
WF-060,02_Etch,2,000_golden_reference.png,WF-060_Stage2_02_Etch.png,12.263,8.483,0.009,5.797,18.815,-0.0054,-1.584,19.687,0.408,499.42,498.12,1.205,1,19.687,NORMAL
WF-060,03_CMP,3,000_golden_reference.png,WF-060_Stage3_03_CMP.png,12.28,7.483,-0.0054,18.077,26.297,-0.0108,-1.351,31.911,0.399,498.19,497.37,1.099,2,31.911,NORMAL
WF-060,04_Metal1,4,000_golden_reference.png,WF-060_Stage4_04_Metal1.png,-8.694,2.658,-0.0018,9.383,28.955,-0.0126,-0.648,30.438,0.5,499.06,497.1,1.334,1,30.438,NORMAL
WF-061,01_Lithography,1,000_golden_reference.png,WF-061_Stage1_01_Lithography.png,3.86,7.804,0.0176,3.86,7.804,0.0176,0.0,8.706,0.5,499.61,499.22,0.48,0,8.706,NORMAL
WF-061,02_Etch,2,000_golden_reference.png,WF-061_Stage2_02_Etch.png,-6.616,-2.791,-0.019,-2.756,5.012,-0.0014,-1.507,5.72,0.409,500.28,499.5,0.787,0,5.72,NORMAL
WF-061,03_CMP,3,000_golden_reference.png,WF-061_Stage3_03_CMP.png,3.351,9.475,-0.0111,0.595,14.487,-0.0125,-1.857,14.499,0.411,499.94,498.55,0.673,1,14.499,NORMAL
WF-061,04_Metal1,4,000_golden_reference.png,WF-061_Stage4_04_Metal1.png,9.125,9.369,-0.0079,9.72,23.856,-0.0204,-1.312,25.76,0.5,499.03,497.61,1.071,0,25.76,NORMAL
WF-062,01_Lithography,1,000_golden_reference.png,WF-062_Stage1_01_Lithography.png,11.818,-1.521,-0.0003,11.818,-1.521,-0.0003,0.0,11.915,0.5,498.82,500.15,0.945,0,11.915,NORMAL
WF-062,02_Etch,2,000_golden_reference.png,WF-062_Stage2_02_Etch.png,20.333,31.52,0.0381,32.15,29.998,0.0378,-1.163,43.972,0.412,496.78,497.0,0.487,0,43.972,WATCH
WF-062,03_CMP,3,000_golden_reference.png,WF-062_Stage3_03_CMP.png,34.092,28.349,0.0868,66.242,58.347,0.1246,-1.228,88.275,0.409,493.38,494.17,0.325,0,88.275,CRITICAL_DRIFT
WF-062,04_Metal1,4,000_golden_reference.png,WF-062_Stage4_04_Metal1.png,35.814,15.4,0.0549,102.056,73.747,0.1795,-0.868,125.913,0.5,489.79,492.63,1.26,0,125.913,CRITICAL_DRIFT
WF-063,01_Lithography,1,000_golden_reference.png,WF-063_Stage1_01_Lithography.png,-0.021,10.127,-0.0187,-0.021,10.127,-0.0187,0.0,10.127,0.5,500.0,498.99,0.48,0,10.127,NORMAL
WF-063,02_Etch,2,000_golden_reference.png,WF-063_Stage2_02_Etch.png,-0.848,0.981,0.018,-0.87,11.108,-0.0007,-1.484,11.142,0.406,500.09,498.89,0.797,0,11.142,NORMAL
WF-063,03_CMP,3,000_golden_reference.png,WF-063_Stage3_03_CMP.png,-6.814,5.342,0.0018,-7.684,16.451,0.0011,-1.102,18.157,0.406,500.77,498.35,1.03,2,18.157,NORMAL
WF-063,04_Metal1,4,000_golden_reference.png,WF-063_Stage4_04_Metal1.png,-1.109,0.167,-0.0124,-8.793,16.617,-0.0113,-0.729,18.8,0.5,500.88,498.34,0.992,0,18.8,NORMAL
WF-064,01_Lithography,1,000_golden_reference.png,WF-064_Stage1_01_Lithography.png,1.004,4.93,0.0057,1.004,4.93,0.0057,0.0,5.031,0.5,499.9,499.51,0.149,0,5.031,NORMAL
WF-064,02_Etch,2,000_golden_reference.png,WF-064_Stage2_02_Etch.png,4.137,-6.616,0.0115,5.141,-1.686,0.0171,-0.995,5.41,0.406,499.49,500.17,0.511,0,5.41,NORMAL
WF-064,03_CMP,3,000_golden_reference.png,WF-064_Stage3_03_CMP.png,-6.23,3.162,-0.0173,-1.089,1.477,-0.0001,-0.783,1.835,0.407,500.11,499.85,0.681,0,1.835,NORMAL
WF-064,04_Metal1,4,000_golden_reference.png,WF-064_Stage4_04_Metal1.png,-4.443,-3.113,0.0148,-5.531,-1.636,0.0147,-0.286,5.768,0.5,500.55,500.16,1.012,0,5.768,NORMAL
WF-065,01_Lithography,1,000_golden_reference.png,WF-065_Stage1_01_Lithography.png,10.812,-6.949,0.0143,10.812,-6.949,0.0143,0.0,12.852,0.5,498.92,500.69,0.483,1,12.852,NORMAL
WF-065,02_Etch,2,000_golden_reference.png,WF-065_Stage2_02_Etch.png,21.473,14.86,0.045,32.284,7.911,0.0594,-0.94,33.239,0.401,496.77,499.21,0.72,0,33.239,NORMAL
WF-065,03_CMP,3,000_golden_reference.png,WF-065_Stage3_03_CMP.png,33.865,12.567,0.0309,66.15,20.478,0.0903,-0.708,69.247,0.42,493.39,497.95,0.858,0,69.247,CRITICAL_DRIFT
WF-065,04_Metal1,4,000_golden_reference.png,WF-065_Stage4_04_Metal1.png,23.71,19.123,0.0405,89.86,39.601,0.1307,-0.376,98.199,0.5,491.01,496.04,1.045,0,98.199,CRITICAL_DRIFT
WF-066,01_Lithography,1,000_golden_reference.png,WF-066_Stage1_01_Lithography.png,2.574,6.422,-0.001,2.574,6.422,-0.001,0.0,6.919,0.5,499.74,499.36,0.697,0,6.919,NORMAL
WF-066,02_Etch,2,000_golden_reference.png,WF-066_Stage2_02_Etch.png,8.116,2.238,-0.0156,10.69,8.66,-0.0166,-1.203,13.758,0.41,498.93,499.13,0.587,0,13.758,NORMAL
WF-066,03_CMP,3,000_golden_reference.png,WF-066_Stage3_03_CMP.png,11.799,-6.219,0.0113,22.489,2.441,-0.0053,-0.909,22.621,0.405,497.75,499.76,0.686,0,22.621,NORMAL
WF-066,04_Metal1,4,000_golden_reference.png,WF-066_Stage4_04_Metal1.png,2.472,1.245,0.0186,24.961,3.686,0.0133,-0.573,25.232,0.5,497.5,499.63,1.273,0,25.232,NORMAL
WF-067,01_Lithography,1,000_golden_reference.png,WF-067_Stage1_01_Lithography.png,-0.164,5.35,-0.0004,-0.164,5.35,-0.0004,0.0,5.352,0.5,500.02,499.47,0.235,0,5.352,NORMAL
WF-067,02_Etch,2,000_golden_reference.png,WF-067_Stage2_02_Etch.png,11.013,-5.677,-0.0168,10.849,-0.327,-0.0172,-1.287,10.854,0.423,498.92,500.03,1.103,2,10.854,NORMAL
WF-067,03_CMP,3,000_golden_reference.png,WF-067_Stage3_03_CMP.png,-7.555,-2.05,0.0053,3.294,-2.377,-0.0118,-1.248,4.062,0.401,499.67,500.24,0.344,0,4.062,NORMAL
WF-067,04_Metal1,4,000_golden_reference.png,WF-067_Stage4_04_Metal1.png,-1.846,10.903,0.0012,1.448,8.526,-0.0106,-0.676,8.648,0.5,499.86,499.15,0.545,0,8.648,NORMAL
WF-068,01_Lithography,1,000_golden_reference.png,WF-068_Stage1_01_Lithography.png,-6.818,5.632,0.0141,-6.818,5.632,0.0141,0.0,8.843,0.5,500.68,499.44,0.56,0,8.843,NORMAL
WF-068,02_Etch,2,000_golden_reference.png,WF-068_Stage2_02_Etch.png,5.32,6.841,0.0088,-1.498,12.473,0.0229,-0.972,12.563,0.398,500.15,498.75,0.641,0,12.563,NORMAL
WF-068,03_CMP,3,000_golden_reference.png,WF-068_Stage3_03_CMP.png,0.934,-2.887,-0.0064,-0.564,9.586,0.0165,-1.009,9.603,0.406,500.06,499.04,0.488,0,9.603,NORMAL
WF-068,04_Metal1,4,000_golden_reference.png,WF-068_Stage4_04_Metal1.png,0.152,-5.288,-0.0029,-0.412,4.298,0.0136,-0.31,4.317,0.5,500.04,499.57,0.878,0,4.317,NORMAL
WF-069,01_Lithography,1,000_golden_reference.png,WF-069_Stage1_01_Lithography.png,-5.642,9.614,-0.0173,-5.642,9.614,-0.0173,0.0,11.147,0.5,500.56,499.04,0.47,0,11.147,NORMAL
WF-069,02_Etch,2,000_golden_reference.png,WF-069_Stage2_02_Etch.png,9.299,-5.322,-0.0161,3.657,4.292,-0.0335,-1.391,5.639,0.407,499.63,499.57,0.722,0,5.639,NORMAL
WF-069,03_CMP,3,000_golden_reference.png,WF-069_Stage3_03_CMP.png,8.859,3.015,0.0035,12.516,7.307,-0.03,-1.342,14.493,0.407,498.75,499.27,0.953,0,14.493,NORMAL
WF-069,04_Metal1,4,000_golden_reference.png,WF-069_Stage4_04_Metal1.png,-1.748,-4.8,-0.0059,10.768,2.507,-0.0358,-0.643,11.056,0.5,498.92,499.75,0.951,0,11.056,NORMAL
WF-070,01_Lithography,1,000_golden_reference.png,WF-070_Stage1_01_Lithography.png,10.098,5.979,0.0187,10.098,5.979,0.0187,0.0,11.735,0.5,498.99,499.4,0.446,0,11.735,NORMAL
WF-070,02_Etch,2,000_golden_reference.png,WF-070_Stage2_02_Etch.png,4.209,-0.67,0.0031,14.307,5.309,0.0219,-0.97,15.26,0.407,498.57,499.47,0.595,0,15.26,NORMAL
WF-070,03_CMP,3,000_golden_reference.png,WF-070_Stage3_03_CMP.png,5.448,-2.964,-0.0157,19.755,2.345,0.0062,-0.694,19.894,0.414,498.02,499.77,0.983,0,19.894,NORMAL
WF-070,04_Metal1,4,000_golden_reference.png,WF-070_Stage4_04_Metal1.png,-0.914,6.727,0.003,18.842,9.072,0.0091,0.09,20.912,0.5,498.12,499.09,1.323,0,20.912,NORMAL
WF-071,01_Lithography,1,000_golden_reference.png,WF-071_Stage1_01_Lithography.png,12.44,7.732,0.0045,12.44,7.732,0.0045,0.0,14.647,0.5,498.76,499.23,0.469,0,14.647,NORMAL
WF-071,02_Etch,2,000_golden_reference.png,WF-071_Stage2_02_Etch.png,5.139,-6.527,0.0172,17.579,1.204,0.0217,-1.464,17.621,0.406,498.24,499.88,0.724,0,17.621,NORMAL
WF-071,03_CMP,3,000_golden_reference.png,WF-071_Stage3_03_CMP.png,-3.116,-3.753,0.0081,14.463,-2.548,0.0298,-1.616,14.686,0.412,498.55,500.25,0.815,1,14.686,NORMAL
WF-071,04_Metal1,4,000_golden_reference.png,WF-071_Stage4_04_Metal1.png,-1.524,-6.89,0.0148,12.939,-9.438,0.0446,-0.977,16.016,0.5,498.71,500.94,0.962,1,16.016,NORMAL
WF-072,01_Lithography,1,000_golden_reference.png,WF-072_Stage1_01_Lithography.png,-5.879,4.397,-0.0188,-5.879,4.397,-0.0188,0.0,7.341,0.5,500.59,499.56,0.524,2,7.341,NORMAL
WF-072,02_Etch,2,000_golden_reference.png,WF-072_Stage2_02_Etch.png,7.414,-3.128,-0.0032,1.536,1.269,-0.022,-1.073,1.992,0.413,499.85,499.87,0.768,0,1.992,NORMAL
WF-072,03_CMP,3,000_golden_reference.png,WF-072_Stage3_03_CMP.png,-0.859,5.989,0.0111,0.677,7.258,-0.0109,-1.019,7.29,0.418,499.93,499.27,0.951,1,7.29,NORMAL
WF-072,04_Metal1,4,000_golden_reference.png,WF-072_Stage4_04_Metal1.png,-7.131,-6.053,-0.0137,-6.454,1.205,-0.0246,-0.348,6.566,0.5,500.65,499.88,0.68,0,6.566,NORMAL
WF-073,01_Lithography,1,000_golden_reference.png,WF-073_Stage1_01_Lithography.png,-3.014,4.915,-0.0006,-3.014,4.915,-0.0006,0.0,5.765,0.5,500.3,499.51,0.24,0,5.765,NORMAL
WF-073,02_Etch,2,000_golden_reference.png,WF-073_Stage2_02_Etch.png,0.725,-2.083,0.0102,-2.289,2.832,0.0096,-0.891,3.641,0.399,500.23,499.72,0.454,0,3.641,NORMAL
WF-073,03_CMP,3,000_golden_reference.png,WF-073_Stage3_03_CMP.png,0.458,-1.902,0.0071,-1.831,0.93,0.0168,-0.902,2.053,0.407,500.18,499.91,0.654,0,2.053,NORMAL
WF-073,04_Metal1,4,000_golden_reference.png,WF-073_Stage4_04_Metal1.png,5.677,-6.182,-0.0042,3.846,-5.252,0.0126,-0.242,6.51,0.5,499.62,500.53,1.158,0,6.51,NORMAL
WF-074,01_Lithography,1,000_golden_reference.png,WF-074_Stage1_01_Lithography.png,-2.369,-3.198,-0.0145,-2.369,-3.198,-0.0145,0.0,3.98,0.5,500.24,500.32,0.429,1,3.98,NORMAL
WF-074,02_Etch,2,000_golden_reference.png,WF-074_Stage2_02_Etch.png,24.132,19.219,0.0305,21.764,16.021,0.016,-1.398,27.025,0.405,497.82,498.4,0.868,0,27.025,NORMAL
WF-074,03_CMP,3,000_golden_reference.png,WF-074_Stage3_03_CMP.png,22.217,20.365,0.0722,43.98,36.385,0.0882,-1.397,57.08,0.41,495.6,496.36,1.219,0,57.08,WATCH
WF-074,04_Metal1,4,000_golden_reference.png,WF-074_Stage4_04_Metal1.png,38.001,29.736,0.0343,81.981,66.122,0.1225,-0.58,105.323,0.5,491.8,493.39,1.422,0,105.323,CRITICAL_DRIFT
WF-075,01_Lithography,1,000_golden_reference.png,WF-075_Stage1_01_Lithography.png,-8.588,9.581,0.0145,-8.588,9.581,0.0145,0.0,12.866,0.5,500.86,499.04,0.596,0,12.866,NORMAL
WF-075,02_Etch,2,000_golden_reference.png,WF-075_Stage2_02_Etch.png,31.818,24.615,0.0726,23.231,34.196,0.0871,-1.134,41.34,0.403,497.68,496.58,1.056,0,41.34,WATCH
WF-075,03_CMP,3,000_golden_reference.png,WF-075_Stage3_03_CMP.png,20.764,12.459,0.0495,43.995,46.655,0.1365,-0.893,64.126,0.413,495.6,495.33,0.836,0,64.126,WATCH
WF-075,04_Metal1,4,000_golden_reference.png,WF-075_Stage4_04_Metal1.png,32.835,30.305,0.0852,76.83,76.959,0.2217,-0.54,108.745,0.5,492.32,492.3,1.324,2,108.745,CRITICAL_DRIFT
WF-076,01_Lithography,1,000_golden_reference.png,WF-076_Stage1_01_Lithography.png,-3.647,3.6,0.001,-3.647,3.6,0.001,0.0,5.124,0.5,500.36,499.64,0.529,0,5.124,NORMAL
WF-076,02_Etch,2,000_golden_reference.png,WF-076_Stage2_02_Etch.png,-0.293,-1.415,-0.0064,-3.94,2.185,-0.0055,-1.066,4.505,0.412,500.39,499.78,0.685,0,4.505,NORMAL
WF-076,03_CMP,3,000_golden_reference.png,WF-076_Stage3_03_CMP.png,-5.301,2.189,-0.0154,-9.241,4.373,-0.0209,-1.058,10.224,0.411,500.92,499.56,1.25,0,10.224,NORMAL
WF-076,04_Metal1,4,000_golden_reference.png,WF-076_Stage4_04_Metal1.png,10.93,-0.711,0.0091,1.689,3.662,-0.0118,-0.267,4.033,0.5,499.83,499.63,0.637,0,4.033,NORMAL
WF-077,01_Lithography,1,000_golden_reference.png,WF-077_Stage1_01_Lithography.png,-3.802,-4.364,-0.0121,-3.802,-4.364,-0.0121,0.0,5.788,0.5,500.38,500.44,0.501,0,5.788,NORMAL
WF-077,02_Etch,2,000_golden_reference.png,WF-077_Stage2_02_Etch.png,4.253,6.684,0.0062,0.451,2.32,-0.0059,-0.942,2.363,0.415,499.95,499.77,0.764,0,2.363,NORMAL
WF-077,03_CMP,3,000_golden_reference.png,WF-077_Stage3_03_CMP.png,8.003,1.894,0.0102,8.453,4.214,0.0043,-0.734,9.445,0.396,499.15,499.58,1.173,0,9.445,NORMAL
WF-077,04_Metal1,4,000_golden_reference.png,WF-077_Stage4_04_Metal1.png,0.876,9.635,0.0026,9.329,13.849,0.0069,-0.053,16.698,0.5,499.07,498.62,1.204,0,16.698,NORMAL
WF-078,01_Lithography,1,000_golden_reference.png,WF-078_Stage1_01_Lithography.png,10.013,4.29,-0.014,10.013,4.29,-0.014,0.0,10.894,0.5,499.0,499.57,0.375,0,10.894,NORMAL
WF-078,02_Etch,2,000_golden_reference.png,WF-078_Stage2_02_Etch.png,-7.498,0.96,-0.0079,2.516,5.25,-0.0218,-1.02,5.821,0.402,499.75,499.48,0.939,0,5.821,NORMAL
WF-078,03_CMP,3,000_golden_reference.png,WF-078_Stage3_03_CMP.png,-7.764,2.132,-0.0076,-5.248,7.382,-0.0294,-1.058,9.057,0.41,500.52,499.26,0.766,0,9.057,NORMAL
WF-078,04_Metal1,4,000_golden_reference.png,WF-078_Stage4_04_Metal1.png,-7.748,7.971,-0.0169,-12.997,15.352,-0.0464,-0.24,20.115,0.5,501.3,498.46,0.74,0,20.115,NORMAL
WF-079,01_Lithography,1,000_golden_reference.png,WF-079_Stage1_01_Lithography.png,4.53,2.127,-0.0015,4.53,2.127,-0.0015,0.0,5.005,0.5,499.55,499.79,0.705,0,5.005,NORMAL
WF-079,02_Etch,2,000_golden_reference.png,WF-079_Stage2_02_Etch.png,3.195,7.253,0.0158,7.725,9.38,0.0143,-1.16,12.152,0.395,499.23,499.06,0.785,1,12.152,NORMAL
WF-079,03_CMP,3,000_golden_reference.png,WF-079_Stage3_03_CMP.png,8.816,4.733,-0.0071,16.541,14.113,0.0072,-1.179,21.744,0.409,498.35,498.59,0.918,0,21.744,NORMAL
WF-079,04_Metal1,4,000_golden_reference.png,WF-079_Stage4_04_Metal1.png,-5.681,-5.886,-0.0159,10.86,8.227,-0.0087,-0.34,13.624,0.5,498.91,499.18,1.136,1,13.624,NORMAL
WF-080,01_Lithography,1,000_golden_reference.png,WF-080_Stage1_01_Lithography.png,6.715,2.082,-0.0131,6.715,2.082,-0.0131,0.0,7.03,0.5,499.33,499.79,0.783,0,7.03,NORMAL
WF-080,02_Etch,2,000_golden_reference.png,WF-080_Stage2_02_Etch.png,-3.55,0.88,-0.0024,3.165,2.962,-0.0155,-1.218,4.335,0.406,499.68,499.7,0.675,0,4.335,NORMAL
WF-080,03_CMP,3,000_golden_reference.png,WF-080_Stage3_03_CMP.png,-5.508,-0.289,-0.0087,-2.342,2.673,-0.0242,-1.291,3.554,0.399,500.23,499.73,0.742,0,3.554,NORMAL
WF-080,04_Metal1,4,000_golden_reference.png,WF-080_Stage4_04_Metal1.png,-1.556,3.762,0.0116,-3.898,6.435,-0.0126,-0.603,7.523,0.5,500.39,499.36,0.707,0,7.523,NORMAL
WF-081,01_Lithography,1,000_golden_reference.png,WF-081_Stage1_01_Lithography.png,-6.921,5.211,-0.0086,-6.921,5.211,-0.0086,0.0,8.663,0.5,500.69,499.48,0.483,0,8.663,NORMAL
WF-081,02_Etch,2,000_golden_reference.png,WF-081_Stage2_02_Etch.png,35.37,26.444,0.0844,28.449,31.655,0.0757,-1.499,42.56,0.398,497.16,496.83,0.467,0,42.56,WATCH
WF-081,03_CMP,3,000_golden_reference.png,WF-081_Stage3_03_CMP.png,26.001,24.82,0.0385,54.449,56.476,0.1142,-1.619,78.449,0.411,494.56,494.35,0.926,0,78.449,CRITICAL_DRIFT
WF-081,04_Metal1,4,000_golden_reference.png,WF-081_Stage4_04_Metal1.png,41.225,27.367,0.0535,95.674,83.842,0.1677,-0.962,127.213,0.5,490.43,491.62,1.496,2,127.213,CRITICAL_DRIFT
WF-082,01_Lithography,1,000_golden_reference.png,WF-082_Stage1_01_Lithography.png,-2.189,-0.22,0.0117,-2.189,-0.22,0.0117,0.0,2.2,0.5,500.22,500.02,0.61,0,2.2,NORMAL
WF-082,02_Etch,2,000_golden_reference.png,WF-082_Stage2_02_Etch.png,8.89,5.062,0.0132,6.701,4.842,0.0248,-1.391,8.267,0.409,499.33,499.52,0.671,0,8.267,NORMAL
WF-082,03_CMP,3,000_golden_reference.png,WF-082_Stage3_03_CMP.png,6.079,2.475,0.0058,12.78,7.317,0.0307,-1.452,14.727,0.407,498.72,499.27,1.116,0,14.727,NORMAL
WF-082,04_Metal1,4,000_golden_reference.png,WF-082_Stage4_04_Metal1.png,-1.04,-0.473,-0.0128,11.74,6.844,0.0179,-1.024,13.59,0.5,498.83,499.32,1.154,0,13.59,NORMAL
WF-083,01_Lithography,1,000_golden_reference.png,WF-083_Stage1_01_Lithography.png,1.698,-2.922,-0.0145,1.698,-2.922,-0.0145,0.0,3.38,0.5,499.83,500.29,0.258,0,3.38,NORMAL
WF-083,02_Etch,2,000_golden_reference.png,WF-083_Stage2_02_Etch.png,-7.302,8.2,-0.016,-5.604,5.277,-0.0305,-1.417,7.698,0.408,500.56,499.47,0.863,0,7.698,NORMAL
WF-083,03_CMP,3,000_golden_reference.png,WF-083_Stage3_03_CMP.png,9.373,8.906,-0.0185,3.768,14.184,-0.0489,-1.547,14.676,0.406,499.62,498.58,0.89,2,14.676,NORMAL
WF-083,04_Metal1,4,000_golden_reference.png,WF-083_Stage4_04_Metal1.png,7.859,-4.641,-0.0049,11.627,9.543,-0.0539,-1.15,15.042,0.5,498.84,499.05,1.456,1,15.042,NORMAL
WF-084,01_Lithography,1,000_golden_reference.png,WF-084_Stage1_01_Lithography.png,7.964,7.563,-0.0134,7.964,7.563,-0.0134,0.0,10.983,0.5,499.2,499.24,0.31,0,10.983,NORMAL
WF-084,02_Etch,2,000_golden_reference.png,WF-084_Stage2_02_Etch.png,0.629,0.395,0.0071,8.593,7.958,-0.0063,-0.99,11.712,0.395,499.14,499.2,0.651,0,11.712,NORMAL
WF-084,03_CMP,3,000_golden_reference.png,WF-084_Stage3_03_CMP.png,0.772,-1.871,0.0099,9.365,6.087,0.0036,-1.031,11.17,0.397,499.06,499.39,0.895,0,11.17,NORMAL
WF-084,04_Metal1,4,000_golden_reference.png,WF-084_Stage4_04_Metal1.png,2.748,-1.43,0.0123,12.114,4.657,0.016,-0.449,12.978,0.5,498.79,499.53,1.283,0,12.978,NORMAL
WF-085,01_Lithography,1,000_golden_reference.png,WF-085_Stage1_01_Lithography.png,-0.907,10.048,0.0194,-0.907,10.048,0.0194,0.0,10.089,0.5,500.09,499.0,0.198,0,10.089,NORMAL
WF-085,02_Etch,2,000_golden_reference.png,WF-085_Stage2_02_Etch.png,1.157,-1.928,-0.0047,0.249,8.12,0.0147,-1.222,8.124,0.41,499.98,499.19,0.83,0,8.124,NORMAL
WF-085,03_CMP,3,000_golden_reference.png,WF-085_Stage3_03_CMP.png,12.258,7.704,0.0121,12.507,15.824,0.0267,-1.511,20.17,0.405,498.75,498.42,0.971,2,20.17,NORMAL
WF-085,04_Metal1,4,000_golden_reference.png,WF-085_Stage4_04_Metal1.png,-3.5,4.541,0.015,9.007,20.365,0.0417,-0.879,22.269,0.5,499.1,497.96,0.707,0,22.269,NORMAL
WF-086,01_Lithography,1,000_golden_reference.png,WF-086_Stage1_01_Lithography.png,9.61,8.321,-0.0086,9.61,8.321,-0.0086,0.0,12.712,0.5,499.04,499.17,0.86,0,12.712,NORMAL
WF-086,02_Etch,2,000_golden_reference.png,WF-086_Stage2_02_Etch.png,36.315,18.001,0.0843,45.924,26.322,0.0757,-0.918,52.933,0.413,495.41,497.37,1.039,0,52.933,WATCH
WF-086,03_CMP,3,000_golden_reference.png,WF-086_Stage3_03_CMP.png,28.499,32.821,0.0433,74.424,59.143,0.119,-0.957,95.062,0.406,492.56,494.09,0.972,0,95.062,CRITICAL_DRIFT
WF-086,04_Metal1,4,000_golden_reference.png,WF-086_Stage4_04_Metal1.png,26.39,12.587,0.0332,100.814,71.73,0.1522,-0.356,123.728,0.5,489.92,492.83,0.966,2,123.728,CRITICAL_DRIFT
WF-087,01_Lithography,1,000_golden_reference.png,WF-087_Stage1_01_Lithography.png,12.88,-0.252,-0.0189,12.88,-0.252,-0.0189,0.0,12.882,0.5,498.71,500.03,0.697,0,12.882,NORMAL
WF-087,02_Etch,2,000_golden_reference.png,WF-087_Stage2_02_Etch.png,11.478,8.105,0.006,24.358,7.854,-0.0129,-1.433,25.593,0.405,497.56,499.21,0.914,0,25.593,NORMAL
WF-087,03_CMP,3,000_golden_reference.png,WF-087_Stage3_03_CMP.png,-5.973,-1.836,0.0132,18.385,6.017,0.0003,-1.276,19.345,0.399,498.16,499.4,0.495,0,19.345,NORMAL
WF-087,04_Metal1,4,000_golden_reference.png,WF-087_Stage4_04_Metal1.png,-5.947,5.7,-0.0021,12.438,11.717,-0.0017,-0.973,17.088,0.5,498.76,498.83,0.638,0,17.088,NORMAL
WF-088,01_Lithography,1,000_golden_reference.png,WF-088_Stage1_01_Lithography.png,-3.37,8.029,0.002,-3.37,8.029,0.002,0.0,8.708,0.5,500.34,499.2,0.487,0,8.708,NORMAL
WF-088,02_Etch,2,000_golden_reference.png,WF-088_Stage2_02_Etch.png,35.454,23.611,0.0367,32.084,31.64,0.0386,-1.03,45.061,0.405,496.79,496.84,0.868,0,45.061,WATCH
WF-088,03_CMP,3,000_golden_reference.png,WF-088_Stage3_03_CMP.png,25.228,13.05,0.0552,57.312,44.691,0.0938,-0.795,72.677,0.41,494.27,495.53,0.984,0,72.677,CRITICAL_DRIFT
WF-088,04_Metal1,4,000_golden_reference.png,WF-088_Stage4_04_Metal1.png,28.971,14.439,0.0843,86.282,59.13,0.1781,-0.137,104.599,0.5,491.37,494.09,1.354,0,104.599,CRITICAL_DRIFT
WF-089,01_Lithography,1,000_golden_reference.png,WF-089_Stage1_01_Lithography.png,2.338,-2.645,-0.0143,2.338,-2.645,-0.0143,0.0,3.53,0.5,499.77,500.26,0.395,0,3.53,NORMAL
WF-089,02_Etch,2,000_golden_reference.png,WF-089_Stage2_02_Etch.png,28.302,25.526,0.0444,30.64,22.881,0.0302,-1.133,38.241,0.414,496.94,497.71,0.262,0,38.241,NORMAL
WF-089,03_CMP,3,000_golden_reference.png,WF-089_Stage3_03_CMP.png,33.945,13.884,0.0885,64.585,36.764,0.1187,-1.479,74.316,0.41,493.54,496.32,0.93,0,74.316,CRITICAL_DRIFT
WF-089,04_Metal1,4,000_golden_reference.png,WF-089_Stage4_04_Metal1.png,30.625,23.161,0.0893,95.21,59.925,0.208,-0.847,112.499,0.5,490.48,494.01,0.905,0,112.499,CRITICAL_DRIFT
WF-090,01_Lithography,1,000_golden_reference.png,WF-090_Stage1_01_Lithography.png,1.343,4.442,0.0192,1.343,4.442,0.0192,0.0,4.641,0.5,499.87,499.56,0.136,0,4.641,NORMAL
WF-090,02_Etch,2,000_golden_reference.png,WF-090_Stage2_02_Etch.png,-3.42,-6.708,0.0115,-2.077,-2.266,0.0308,-1.076,3.073,0.395,500.21,500.23,0.525,0,3.073,NORMAL
WF-090,03_CMP,3,000_golden_reference.png,WF-090_Stage3_03_CMP.png,7.125,4.309,0.0109,5.048,2.043,0.0416,-0.888,5.446,0.41,499.5,499.8,0.911,0,5.446,NORMAL
WF-090,04_Metal1,4,000_golden_reference.png,WF-090_Stage4_04_Metal1.png,-1.685,-6.202,0.0018,3.363,-4.159,0.0435,-0.1,5.349,0.5,499.66,500.42,1.354,0,5.349,NORMAL
WF-091,01_Lithography,1,000_golden_reference.png,WF-091_Stage1_01_Lithography.png,8.141,1.363,0.0078,8.141,1.363,0.0078,0.0,8.254,0.5,499.19,499.86,0.719,0,8.254,NORMAL
WF-091,02_Etch,2,000_golden_reference.png,WF-091_Stage2_02_Etch.png,33.162,29.853,0.0338,41.303,31.216,0.0416,-1.421,51.772,0.424,495.87,496.88,0.842,0,51.772,WATCH
WF-091,03_CMP,3,000_golden_reference.png,WF-091_Stage3_03_CMP.png,28.984,18.456,0.0326,70.287,49.672,0.0742,-1.661,86.067,0.424,492.97,495.03,0.778,1,86.067,CRITICAL_DRIFT
WF-091,04_Metal1,4,000_golden_reference.png,WF-091_Stage4_04_Metal1.png,19.006,32.534,0.0609,89.293,82.206,0.1352,-0.768,121.372,0.5,491.07,491.78,0.644,2,121.372,CRITICAL_DRIFT
WF-092,01_Lithography,1,000_golden_reference.png,WF-092_Stage1_01_Lithography.png,-3.427,6.559,-0.0124,-3.427,6.559,-0.0124,0.0,7.401,0.5,500.34,499.34,0.274,0,7.401,NORMAL
WF-092,02_Etch,2,000_golden_reference.png,WF-092_Stage2_02_Etch.png,-1.147,7.055,0.0146,-4.574,13.614,0.0023,-1.066,14.362,0.407,500.46,498.64,0.201,0,14.362,NORMAL
WF-092,03_CMP,3,000_golden_reference.png,WF-092_Stage3_03_CMP.png,-6.262,-0.376,0.0156,-10.835,13.239,0.0179,-0.871,17.107,0.399,501.08,498.68,0.666,0,17.107,NORMAL
WF-092,04_Metal1,4,000_golden_reference.png,WF-092_Stage4_04_Metal1.png,10.682,-0.04,0.0189,-0.153,13.198,0.0368,-0.273,13.199,0.5,500.02,498.68,1.06,0,13.199,NORMAL
WF-093,01_Lithography,1,000_golden_reference.png,WF-093_Stage1_01_Lithography.png,11.335,2.347,0.012,11.335,2.347,0.012,0.0,11.575,0.5,498.87,499.77,0.296,0,11.575,NORMAL
WF-093,02_Etch,2,000_golden_reference.png,WF-093_Stage2_02_Etch.png,6.996,-5.579,0.0041,18.331,-3.232,0.0161,-1.458,18.613,0.401,498.17,500.32,0.606,0,18.613,NORMAL
WF-093,03_CMP,3,000_golden_reference.png,WF-093_Stage3_03_CMP.png,3.0,-1.218,-0.0168,21.331,-4.451,-0.0007,-1.329,21.79,0.414,497.87,500.45,0.751,1,21.79,NORMAL
WF-093,04_Metal1,4,000_golden_reference.png,WF-093_Stage4_04_Metal1.png,-2.257,3.847,-0.003,19.074,-0.603,-0.0036,-0.615,19.084,0.5,498.09,500.06,1.317,0,19.084,NORMAL
WF-094,01_Lithography,1,000_golden_reference.png,WF-094_Stage1_01_Lithography.png,-8.068,8.661,-0.0059,-8.068,8.661,-0.0059,0.0,11.837,0.5,500.81,499.13,0.232,2,11.837,NORMAL
WF-094,02_Etch,2,000_golden_reference.png,WF-094_Stage2_02_Etch.png,12.959,-2.058,0.0192,4.891,6.603,0.0133,-1.558,8.217,0.41,499.51,499.34,0.672,0,8.217,NORMAL
WF-094,03_CMP,3,000_golden_reference.png,WF-094_Stage3_03_CMP.png,-7.349,4.475,-0.0055,-2.458,11.078,0.0078,-1.317,11.347,0.407,500.25,498.89,0.876,0,11.347,NORMAL
WF-094,04_Metal1,4,000_golden_reference.png,WF-094_Stage4_04_Metal1.png,5.947,10.15,-0.0143,3.489,21.228,-0.0065,-0.653,21.513,0.5,499.65,497.88,0.998,0,21.513,NORMAL
WF-095,01_Lithography,1,000_golden_reference.png,WF-095_Stage1_01_Lithography.png,-8.234,-5.79,0.0111,-8.234,-5.79,0.0111,0.0,10.066,0.5,500.82,500.58,0.202,0,10.066,NORMAL
WF-095,02_Etch,2,000_golden_reference.png,WF-095_Stage2_02_Etch.png,-0.941,-0.109,0.0027,-9.175,-5.898,0.0138,-1.284,10.908,0.412,500.92,500.59,1.059,2,10.908,NORMAL
WF-095,03_CMP,3,000_golden_reference.png,WF-095_Stage3_03_CMP.png,5.939,10.079,-0.0051,-3.236,4.18,0.0087,-1.074,5.286,0.411,500.32,499.58,1.217,0,5.286,NORMAL
WF-095,04_Metal1,4,000_golden_reference.png,WF-095_Stage4_04_Metal1.png,3.626,2.53,-0.0041,0.39,6.711,0.0046,-0.384,6.722,0.5,499.96,499.33,1.254,1,6.722,NORMAL
WF-096,01_Lithography,1,000_golden_reference.png,WF-096_Stage1_01_Lithography.png,-6.504,6.242,-0.0,-6.504,6.242,-0.0,0.0,9.015,0.5,500.65,499.38,0.667,0,9.015,NORMAL
WF-096,02_Etch,2,000_golden_reference.png,WF-096_Stage2_02_Etch.png,-0.486,3.11,-0.0095,-6.99,9.352,-0.0096,-1.008,11.676,0.401,500.7,499.06,0.497,0,11.676,NORMAL
WF-096,03_CMP,3,000_golden_reference.png,WF-096_Stage3_03_CMP.png,0.818,10.935,-0.0086,-6.172,20.287,-0.0181,-0.675,21.205,0.417,500.62,497.97,0.891,0,21.205,NORMAL
WF-096,04_Metal1,4,000_golden_reference.png,WF-096_Stage4_04_Metal1.png,1.806,-4.793,0.0141,-4.366,15.494,-0.004,-0.104,16.098,0.5,500.44,498.45,1.253,0,16.098,NORMAL
WF-097,01_Lithography,1,000_golden_reference.png,WF-097_Stage1_01_Lithography.png,0.792,-5.42,0.0073,0.792,-5.42,0.0073,0.0,5.477,0.5,499.92,500.54,0.238,0,5.477,NORMAL
WF-097,02_Etch,2,000_golden_reference.png,WF-097_Stage2_02_Etch.png,9.601,-1.247,-0.0061,10.394,-6.667,0.0012,-0.852,12.348,0.415,498.96,500.67,1.03,0,12.348,NORMAL
WF-097,03_CMP,3,000_golden_reference.png,WF-097_Stage3_03_CMP.png,2.928,9.044,0.0141,13.322,2.377,0.0152,-0.683,13.532,0.405,498.67,499.76,0.923,0,13.532,NORMAL
WF-097,04_Metal1,4,000_golden_reference.png,WF-097_Stage4_04_Metal1.png,11.401,4.479,0.0117,24.723,6.855,0.027,-0.077,25.656,0.5,497.53,499.31,0.938,0,25.656,NORMAL
WF-098,01_Lithography,1,000_golden_reference.png,WF-098_Stage1_01_Lithography.png,-4.578,-4.5,0.0116,-4.578,-4.5,0.0116,0.0,6.42,0.5,500.46,500.45,0.371,0,6.42,NORMAL
WF-098,02_Etch,2,000_golden_reference.png,WF-098_Stage2_02_Etch.png,18.631,24.188,0.0521,14.052,19.688,0.0637,-1.443,24.189,0.416,498.59,498.03,0.891,0,24.189,NORMAL
WF-098,03_CMP,3,000_golden_reference.png,WF-098_Stage3_03_CMP.png,31.24,25.463,0.0352,45.292,45.151,0.0989,-1.595,63.953,0.41,495.47,495.48,1.077,0,63.953,WATCH
WF-098,04_Metal1,4,000_golden_reference.png,WF-098_Stage4_04_Metal1.png,41.99,27.815,0.0615,87.282,72.966,0.1605,-0.834,113.764,0.5,491.27,492.7,1.103,0,113.764,CRITICAL_DRIFT
WF-099,01_Lithography,1,000_golden_reference.png,WF-099_Stage1_01_Lithography.png,-7.377,10.503,0.0057,-7.377,10.503,0.0057,0.0,12.835,0.5,500.74,498.95,0.56,0,12.835,NORMAL
WF-099,02_Etch,2,000_golden_reference.png,WF-099_Stage2_02_Etch.png,0.899,5.242,-0.0062,-6.478,15.745,-0.0005,-1.502,17.025,0.41,500.65,498.43,0.717,0,17.025,NORMAL
WF-099,03_CMP,3,000_golden_reference.png,WF-099_Stage3_03_CMP.png,8.166,4.516,-0.0127,1.688,20.261,-0.0132,-1.129,20.331,0.412,499.83,497.97,0.984,0,20.331,NORMAL
WF-099,04_Metal1,4,000_golden_reference.png,WF-099_Stage4_04_Metal1.png,0.518,9.393,-0.0178,2.205,29.654,-0.031,-0.755,29.736,0.5,499.78,497.03,0.811,0,29.736,NORMAL
WF-100,01_Lithography,1,000_golden_reference.png,WF-100_Stage1_01_Lithography.png,-5.378,-1.192,0.0084,-5.378,-1.192,0.0084,0.0,5.508,0.5,500.54,500.12,0.366,2,5.508,NORMAL
WF-100,02_Etch,2,000_golden_reference.png,WF-100_Stage2_02_Etch.png,26.305,32.7,0.0837,20.927,31.508,0.0921,-1.477,37.824,0.414,497.91,496.85,0.638,0,37.824,NORMAL
WF-100,03_CMP,3,000_golden_reference.png,WF-100_Stage3_03_CMP.png,24.015,25.971,0.0631,44.942,57.479,0.1551,-1.777,72.963,0.411,495.51,494.25,0.896,1,72.963,CRITICAL_DRIFT
WF-100,04_Metal1,4,000_golden_reference.png,WF-100_Stage4_04_Metal1.png,25.268,23.737,0.0602,70.209,81.216,0.2153,-1.375,107.356,0.5,492.98,491.88,0.995,0,107.356,CRITICAL_DRIFT
